2026-07-02 11:49:02 - [MainProcess:MainThread] - INFO - main:140 - 🚀 Booting Vector Factory V2 Pipeline
2026-07-02 11:49:02 - [MainProcess:MainThread] - INFO - main:141 - ⚙️ Config: Workers=8, Colors=6, EPS Export=False
2026-07-02 11:49:02 - [MainProcess:MainThread] - INFO - filesystem:48 - Scanning for raster images in: C:\Users\admin\Downloads\titip\tracer\input
2026-07-02 11:49:02 - [MainProcess:MainThread] - INFO - filesystem:62 - Discovered 1 valid image(s) for vectorization.
2026-07-02 11:49:02 - [MainProcess:MainThread] - INFO - main:164 - ⚡ Scaling horizontally across 8 parallel workers.
2026-07-02 11:49:18 - [SpawnPoolWorker-4:MainThread] - INFO - main:44 - ▶️ Starting pipeline for: Smart_home_automation_interface_…_202607021147.jpeg
2026-07-02 11:49:18 - [SpawnPoolWorker-4:MainThread] - ERROR - resize:28 - OpenCV failed to decode image: C:\Users\admin\Downloads\titip\tracer\input\Smart_home_automation_interface_…_202607021147.jpeg
2026-07-02 11:49:18 - [SpawnPoolWorker-4:MainThread] - ERROR - main:101 - ❌ Pipeline failed for Smart_home_automation_interface_…_202607021147.jpeg: Corrupt or unreadable image: C:\Users\admin\Downloads\titip\tracer\input\Smart_home_automation_interface_…_202607021147.jpeg
2026-07-02 11:49:18 - [MainProcess:MainThread] - INFO - main:179 - 🏁 Vector Factory Session Complete!
2026-07-02 11:49:18 - [MainProcess:MainThread] - INFO - main:180 - 📊 Yield: 0/1 vectors generated successfully in 15.44 seconds.
2026-07-02 11:51:48 - [MainProcess:MainThread] - INFO - main:140 - 🚀 Booting Vector Factory V2 Pipeline
2026-07-02 11:51:48 - [MainProcess:MainThread] - INFO - main:141 - ⚙️ Config: Workers=8, Colors=6, EPS Export=False
2026-07-02 11:51:48 - [MainProcess:MainThread] - INFO - filesystem:48 - Scanning for raster images in: C:\Users\admin\Downloads\titip\tracer\input
2026-07-02 11:51:48 - [MainProcess:MainThread] - INFO - filesystem:62 - Discovered 1 valid image(s) for vectorization.
2026-07-02 11:51:48 - [MainProcess:MainThread] - INFO - main:164 - ⚡ Scaling horizontally across 8 parallel workers.
2026-07-02 11:51:56 - [SpawnPoolWorker-3:MainThread] - INFO - main:44 - ▶️ Starting pipeline for: gambar1.jpeg
2026-07-02 11:52:02 - [SpawnPoolWorker-3:MainThread] - INFO - remove_text:45 - Detected 1 text region(s). Applying inpainting.
2026-07-02 11:54:07 - [SpawnPoolWorker-3:MainThread] - INFO - geometry:25 - Starting Computational Geometry simplification pipeline.
2026-07-02 11:54:46 - [SpawnPoolWorker-3:MainThread] - INFO - geometry:62 - Geometric reconstruction complete. Canvas is ready for VTracer.
2026-07-02 11:54:46 - [SpawnPoolWorker-3:MainThread] - INFO - vtracer_wrapper:26 - Initiating VTracer vectorization engine...
2026-07-02 11:54:47 - [SpawnPoolWorker-3:MainThread] - INFO - merge_paths:72 - Merged 1076 individual paths into 196 compound paths.
2026-07-02 11:54:48 - [SpawnPoolWorker-3:MainThread] - INFO - svg_export:35 - Successfully generated optimized SVG: gambar1.svg
2026-07-02 11:54:48 - [SpawnPoolWorker-3:MainThread] - INFO - main:97 - ✅ Successfully completed: gambar1.jpeg
2026-07-02 11:54:48 - [MainProcess:MainThread] - INFO - main:179 - 🏁 Vector Factory Session Complete!
2026-07-02 11:54:48 - [MainProcess:MainThread] - INFO - main:180 - 📊 Yield: 1/1 vectors generated successfully in 179.55 seconds.
2026-07-02 12:17:59 - [MainProcess:MainThread] - INFO - main:140 - 🚀 Booting Vector Factory V2 Pipeline
2026-07-02 12:17:59 - [MainProcess:MainThread] - INFO - main:141 - ⚙️ Config: Workers=8, Colors=6, EPS Export=False
2026-07-02 12:17:59 - [MainProcess:MainThread] - INFO - filesystem:48 - Scanning for raster images in: C:\Users\admin\Downloads\titip\tracer\input
2026-07-02 12:17:59 - [MainProcess:MainThread] - INFO - filesystem:62 - Discovered 1 valid image(s) for vectorization.
2026-07-02 12:17:59 - [MainProcess:MainThread] - INFO - main:164 - ⚡ Scaling horizontally across 8 parallel workers.
2026-07-02 12:18:08 - [SpawnPoolWorker-3:MainThread] - INFO - main:44 - ▶️ Starting pipeline for: gambar1.jpeg
2026-07-02 12:20:21 - [SpawnPoolWorker-3:MainThread] - INFO - geometry:25 - Starting Computational Geometry simplification pipeline.
2026-07-02 12:21:03 - [SpawnPoolWorker-3:MainThread] - INFO - geometry:56 - Geometric reconstruction complete. Canvas is ready for VTracer.
2026-07-02 12:21:03 - [SpawnPoolWorker-3:MainThread] - INFO - vtracer_wrapper:26 - Initiating VTracer vectorization engine...
2026-07-02 12:21:05 - [SpawnPoolWorker-3:MainThread] - INFO - merge_paths:72 - Merged 1765 individual paths into 241 compound paths.
2026-07-02 12:21:05 - [SpawnPoolWorker-3:MainThread] - INFO - svg_export:35 - Successfully generated optimized SVG: gambar1.svg
2026-07-02 12:21:05 - [SpawnPoolWorker-3:MainThread] - INFO - main:97 - ✅ Successfully completed: gambar1.jpeg
2026-07-02 12:21:05 - [MainProcess:MainThread] - INFO - main:179 - 🏁 Vector Factory Session Complete!
2026-07-02 12:21:05 - [MainProcess:MainThread] - INFO - main:180 - 📊 Yield: 1/1 vectors generated successfully in 186.24 seconds.
2026-07-02 12:24:07 - [MainProcess:MainThread] - INFO - main:140 - 🚀 Booting Vector Factory V2 Pipeline
2026-07-02 12:24:07 - [MainProcess:MainThread] - INFO - main:141 - ⚙️ Config: Workers=12, Colors=8, EPS Export=False
2026-07-02 12:24:07 - [MainProcess:MainThread] - INFO - filesystem:48 - Scanning for raster images in: C:\Users\admin\Downloads\titip\tracer\input
2026-07-02 12:24:07 - [MainProcess:MainThread] - INFO - filesystem:62 - Discovered 1 valid image(s) for vectorization.
2026-07-02 12:24:07 - [MainProcess:MainThread] - INFO - main:164 - ⚡ Scaling horizontally across 12 parallel workers.
2026-07-02 12:24:24 - [SpawnPoolWorker-1:MainThread] - INFO - main:44 - ▶️ Starting pipeline for: gambar1.jpeg
2026-07-02 12:24:55 - [SpawnPoolWorker-1:MainThread] - INFO - geometry:25 - Starting Computational Geometry simplification pipeline.
2026-07-02 12:25:35 - [SpawnPoolWorker-1:MainThread] - INFO - geometry:56 - Geometric reconstruction complete. Canvas is ready for VTracer.
2026-07-02 12:25:35 - [SpawnPoolWorker-1:MainThread] - INFO - vtracer_wrapper:26 - Initiating VTracer vectorization engine...
2026-07-02 12:25:35 - [SpawnPoolWorker-1:MainThread] - INFO - merge_paths:72 - Merged 95 individual paths into 34 compound paths.
2026-07-02 12:25:35 - [SpawnPoolWorker-1:MainThread] - INFO - svg_export:35 - Successfully generated optimized SVG: gambar1.svg
2026-07-02 12:25:35 - [SpawnPoolWorker-1:MainThread] - INFO - main:97 - ✅ Successfully completed: gambar1.jpeg
2026-07-02 12:25:35 - [MainProcess:MainThread] - INFO - main:179 - 🏁 Vector Factory Session Complete!
2026-07-02 12:25:35 - [MainProcess:MainThread] - INFO - main:180 - 📊 Yield: 1/1 vectors generated successfully in 88.25 seconds.
2026-07-02 12:28:46 - [MainProcess:MainThread] - INFO - main:140 - 🚀 Booting Vector Factory V2 Pipeline
2026-07-02 12:28:46 - [MainProcess:MainThread] - INFO - main:141 - ⚙️ Config: Workers=12, Colors=8, EPS Export=False
2026-07-02 12:28:46 - [MainProcess:MainThread] - INFO - filesystem:48 - Scanning for raster images in: C:\Users\admin\Downloads\titip\tracer\input
2026-07-02 12:28:46 - [MainProcess:MainThread] - INFO - filesystem:62 - Discovered 1 valid image(s) for vectorization.
2026-07-02 12:28:46 - [MainProcess:MainThread] - INFO - main:164 - ⚡ Scaling horizontally across 12 parallel workers.
2026-07-02 12:29:01 - [SpawnPoolWorker-5:MainThread] - INFO - main:44 - ▶️ Starting pipeline for: gambar1.jpeg
2026-07-02 12:29:32 - [SpawnPoolWorker-5:MainThread] - INFO - geometry:25 - Starting Computational Geometry simplification pipeline.
2026-07-02 12:30:10 - [SpawnPoolWorker-5:MainThread] - INFO - geometry:56 - Geometric reconstruction complete. Canvas is ready for VTracer.
2026-07-02 12:30:10 - [SpawnPoolWorker-5:MainThread] - INFO - vtracer_wrapper:26 - Initiating VTracer vectorization engine...
2026-07-02 12:30:11 - [SpawnPoolWorker-5:MainThread] - INFO - merge_paths:72 - Merged 95 individual paths into 34 compound paths.
2026-07-02 12:30:11 - [SpawnPoolWorker-5:MainThread] - INFO - svg_export:35 - Successfully generated optimized SVG: gambar1.svg
2026-07-02 12:30:11 - [SpawnPoolWorker-5:MainThread] - INFO - main:97 - ✅ Successfully completed: gambar1.jpeg
2026-07-02 12:30:11 - [MainProcess:MainThread] - INFO - main:179 - 🏁 Vector Factory Session Complete!
2026-07-02 12:30:11 - [MainProcess:MainThread] - INFO - main:180 - 📊 Yield: 1/1 vectors generated successfully in 84.85 seconds.
2026-07-02 12:34:49 - [MainProcess:MainThread] - INFO - main:140 - 🚀 Booting Vector Factory V2 Pipeline
2026-07-02 12:34:49 - [MainProcess:MainThread] - INFO - main:141 - ⚙️ Config: Workers=12, Colors=8, EPS Export=False
2026-07-02 12:34:49 - [MainProcess:MainThread] - INFO - filesystem:48 - Scanning for raster images in: C:\Users\admin\Downloads\titip\tracer\input
2026-07-02 12:34:49 - [MainProcess:MainThread] - INFO - filesystem:62 - Discovered 1 valid image(s) for vectorization.
2026-07-02 12:34:49 - [MainProcess:MainThread] - INFO - main:164 - ⚡ Scaling horizontally across 12 parallel workers.
2026-07-02 12:35:02 - [SpawnPoolWorker-1:MainThread] - INFO - main:44 - ▶️ Starting pipeline for: gambar1.jpeg
2026-07-02 12:35:34 - [SpawnPoolWorker-1:MainThread] - INFO - geometry:16 - Starting geometry simplification...
2026-07-02 12:36:12 - [SpawnPoolWorker-1:MainThread] - INFO - vtracer_wrapper:26 - Initiating VTracer vectorization engine...
2026-07-02 12:36:12 - [SpawnPoolWorker-1:MainThread] - INFO - merge_paths:72 - Merged 94 individual paths into 33 compound paths.
2026-07-02 12:36:12 - [SpawnPoolWorker-1:MainThread] - INFO - svg_export:35 - Successfully generated optimized SVG: gambar1.svg
2026-07-02 12:36:12 - [SpawnPoolWorker-1:MainThread] - INFO - main:97 - ✅ Successfully completed: gambar1.jpeg
2026-07-02 12:36:13 - [MainProcess:MainThread] - INFO - main:179 - 🏁 Vector Factory Session Complete!
2026-07-02 12:36:13 - [MainProcess:MainThread] - INFO - main:180 - 📊 Yield: 1/1 vectors generated successfully in 83.55 seconds.
2026-07-02 12:39:06 - [MainProcess:MainThread] - INFO - main:140 - 🚀 Booting Vector Factory V2 Pipeline
2026-07-02 12:39:06 - [MainProcess:MainThread] - INFO - main:141 - ⚙️ Config: Workers=1, Colors=6, EPS Export=False
2026-07-02 12:39:06 - [MainProcess:MainThread] - INFO - filesystem:48 - Scanning for raster images in: C:\Users\admin\Downloads\titip\tracer\input
2026-07-02 12:39:06 - [MainProcess:MainThread] - INFO - filesystem:62 - Discovered 1 valid image(s) for vectorization.
2026-07-02 12:39:06 - [MainProcess:MainThread] - INFO - main:172 - 🐌 Running in strictly single-threaded mode.
2026-07-02 12:39:06 - [MainProcess:MainThread] - INFO - main:44 - ▶️ Starting pipeline for: gambar1.jpeg
2026-07-02 12:39:26 - [MainProcess:MainThread] - INFO - geometry:12 - Starting geometry reconstruction...
2026-07-02 12:39:59 - [MainProcess:MainThread] - INFO - vtracer_wrapper:26 - Initiating VTracer vectorization engine...
2026-07-02 12:39:59 - [MainProcess:MainThread] - INFO - merge_paths:72 - Merged 63 individual paths into 18 compound paths.
2026-07-02 12:39:59 - [MainProcess:MainThread] - INFO - svg_export:35 - Successfully generated optimized SVG: gambar1.svg
2026-07-02 12:39:59 - [MainProcess:MainThread] - INFO - main:97 - ✅ Successfully completed: gambar1.jpeg
2026-07-02 12:39:59 - [MainProcess:MainThread] - INFO - main:179 - 🏁 Vector Factory Session Complete!
2026-07-02 12:39:59 - [MainProcess:MainThread] - INFO - main:180 - 📊 Yield: 1/1 vectors generated successfully in 53.44 seconds.
2026-07-02 12:54:57 - [MainProcess:MainThread] - INFO - main:140 - 🚀 Booting Vector Factory V2 Pipeline
2026-07-02 12:54:57 - [MainProcess:MainThread] - INFO - main:141 - ⚙️ Config: Workers=1, Colors=6, EPS Export=False
2026-07-02 12:54:57 - [MainProcess:MainThread] - INFO - filesystem:48 - Scanning for raster images in: C:\Users\admin\Downloads\titip\tracer\input
2026-07-02 12:54:57 - [MainProcess:MainThread] - INFO - filesystem:62 - Discovered 1 valid image(s) for vectorization.
2026-07-02 12:54:57 - [MainProcess:MainThread] - INFO - main:172 - 🐌 Running in strictly single-threaded mode.
2026-07-02 12:54:57 - [MainProcess:MainThread] - INFO - main:44 - ▶️ Starting pipeline for: gambar1.jpeg
2026-07-02 12:55:17 - [MainProcess:MainThread] - INFO - geometry:13 - Starting geometry reconstruction...
2026-07-02 12:55:48 - [MainProcess:MainThread] - ERROR - geometry:41 - 🚨 CRITICAL BUG DETECTED: Koordinat hancur/kehilangan offset setelah modul geometri!
2026-07-02 12:55:49 - [MainProcess:MainThread] - INFO - vtracer_wrapper:14 - Initiating VTracer vectorization engine...
2026-07-02 12:55:49 - [MainProcess:MainThread] - INFO - merge_paths:72 - Merged 63 individual paths into 18 compound paths.
2026-07-02 12:55:49 - [MainProcess:MainThread] - INFO - svg_export:35 - Successfully generated optimized SVG: gambar1.svg
2026-07-02 12:55:49 - [MainProcess:MainThread] - INFO - main:97 - ✅ Successfully completed: gambar1.jpeg
2026-07-02 12:55:49 - [MainProcess:MainThread] - INFO - main:179 - 🏁 Vector Factory Session Complete!
2026-07-02 12:55:49 - [MainProcess:MainThread] - INFO - main:180 - 📊 Yield: 1/1 vectors generated successfully in 52.36 seconds.
2026-07-02 12:58:20 - [MainProcess:MainThread] - INFO - main:140 - 🚀 Booting Vector Factory V2 Pipeline
2026-07-02 12:58:20 - [MainProcess:MainThread] - INFO - main:141 - ⚙️ Config: Workers=12, Colors=8, EPS Export=True
2026-07-02 12:58:20 - [MainProcess:MainThread] - INFO - filesystem:48 - Scanning for raster images in: C:\Users\admin\Downloads\titip\tracer\input
2026-07-02 12:58:20 - [MainProcess:MainThread] - INFO - filesystem:62 - Discovered 1 valid image(s) for vectorization.
2026-07-02 12:58:20 - [MainProcess:MainThread] - INFO - main:164 - ⚡ Scaling horizontally across 12 parallel workers.
2026-07-02 12:58:34 - [SpawnPoolWorker-2:MainThread] - INFO - main:44 - ▶️ Starting pipeline for: gambar1.jpeg
2026-07-02 12:59:05 - [SpawnPoolWorker-2:MainThread] - INFO - geometry:13 - Starting geometry reconstruction...
2026-07-02 13:03:16 - [MainProcess:MainThread] - INFO - main:140 - 🚀 Booting Vector Factory V2 Pipeline
2026-07-02 13:03:16 - [MainProcess:MainThread] - INFO - main:141 - ⚙️ Config: Workers=12, Colors=8, EPS Export=False
2026-07-02 13:03:16 - [MainProcess:MainThread] - INFO - filesystem:48 - Scanning for raster images in: C:\Users\admin\Downloads\titip\tracer\input
2026-07-02 13:03:16 - [MainProcess:MainThread] - INFO - filesystem:62 - Discovered 1 valid image(s) for vectorization.
2026-07-02 13:03:16 - [MainProcess:MainThread] - INFO - main:164 - ⚡ Scaling horizontally across 12 parallel workers.
2026-07-02 13:03:27 - [SpawnPoolWorker-1:MainThread] - INFO - main:44 - ▶️ Starting pipeline for: gambar1.jpeg
2026-07-02 13:03:59 - [SpawnPoolWorker-1:MainThread] - INFO - geometry:7 - Running diagnostic geometry bypass...
2026-07-02 13:04:36 - [SpawnPoolWorker-1:MainThread] - INFO - vtracer_wrapper:14 - Initiating VTracer vectorization engine...
2026-07-02 13:04:37 - [SpawnPoolWorker-1:MainThread] - INFO - merge_paths:72 - Merged 373 individual paths into 327 compound paths.
2026-07-02 13:04:37 - [SpawnPoolWorker-1:MainThread] - INFO - svg_export:35 - Successfully generated optimized SVG: gambar1.svg
2026-07-02 13:04:37 - [SpawnPoolWorker-1:MainThread] - INFO - main:97 - ✅ Successfully completed: gambar1.jpeg
2026-07-02 13:04:37 - [MainProcess:MainThread] - INFO - main:179 - 🏁 Vector Factory Session Complete!
2026-07-02 13:04:37 - [MainProcess:MainThread] - INFO - main:180 - 📊 Yield: 1/1 vectors generated successfully in 81.06 seconds.
2026-07-02 13:09:10 - [MainProcess:MainThread] - INFO - main:141 - 🚀 Booting Vector Factory V2 Pipeline
2026-07-02 13:09:10 - [MainProcess:MainThread] - INFO - main:142 - ⚙️ Config: Workers=12, Colors=8, EPS Export=True
2026-07-02 13:09:10 - [MainProcess:MainThread] - INFO - filesystem:48 - Scanning for raster images in: C:\Users\admin\Downloads\titip\tracer\input
2026-07-02 13:09:10 - [MainProcess:MainThread] - INFO - filesystem:62 - Discovered 1 valid image(s) for vectorization.
2026-07-02 13:09:10 - [MainProcess:MainThread] - INFO - main:165 - ⚡ Scaling horizontally across 12 parallel workers.
2026-07-02 13:09:30 - [SpawnPoolWorker-4:MainThread] - INFO - main:44 - ▶️ Starting pipeline for: gambar1.jpeg
2026-07-02 13:10:02 - [SpawnPoolWorker-4:MainThread] - INFO - geometry:7 - Running diagnostic geometry bypass...
2026-07-02 13:10:38 - [SpawnPoolWorker-4:MainThread] - INFO - vtracer_wrapper:14 - Initiating VTracer vectorization engine...
2026-07-02 13:10:38 - [SpawnPoolWorker-4:MainThread] - ERROR - svg_export:39 - Failed to save SVG gambar1.svg: 'str' object has no attribute 'write'
2026-07-02 13:10:38 - [SpawnPoolWorker-4:MainThread] - ERROR - main:102 - ❌ Pipeline failed for gambar1.jpeg: 'str' object has no attribute 'write'
2026-07-02 13:10:39 - [MainProcess:MainThread] - INFO - main:180 - 🏁 Vector Factory Session Complete!
2026-07-02 13:10:39 - [MainProcess:MainThread] - INFO - main:181 - 📊 Yield: 0/1 vectors generated successfully in 88.31 seconds.
2026-07-02 13:11:09 - [MainProcess:MainThread] - INFO - main:141 - 🚀 Booting Vector Factory V2 Pipeline
2026-07-02 13:11:09 - [MainProcess:MainThread] - INFO - main:142 - ⚙️ Config: Workers=12, Colors=8, EPS Export=False
2026-07-02 13:11:09 - [MainProcess:MainThread] - INFO - filesystem:48 - Scanning for raster images in: C:\Users\admin\Downloads\titip\tracer\input
2026-07-02 13:11:09 - [MainProcess:MainThread] - INFO - filesystem:62 - Discovered 1 valid image(s) for vectorization.
2026-07-02 13:11:09 - [MainProcess:MainThread] - INFO - main:165 - ⚡ Scaling horizontally across 12 parallel workers.
2026-07-02 13:11:20 - [SpawnPoolWorker-7:MainThread] - ERROR - remove_text:16 - Failed to initialize EasyOCR: CUDA error: CUDA-capable device(s) is/are busy or unavailable
CUDA kernel errors might be asynchronously reported at some other API call, so the stacktrace below might be incorrect.
For debugging consider passing CUDA_LAUNCH_BLOCKING=1
Compile with `TORCH_USE_CUDA_DSA` to enable device-side assertions.

2026-07-02 13:11:23 - [SpawnPoolWorker-2:MainThread] - INFO - main:44 - ▶️ Starting pipeline for: gambar1.jpeg
2026-07-02 13:11:54 - [SpawnPoolWorker-2:MainThread] - INFO - geometry:7 - Running diagnostic geometry bypass...
2026-07-02 13:12:29 - [SpawnPoolWorker-2:MainThread] - INFO - vtracer_wrapper:14 - Initiating VTracer vectorization engine...
2026-07-02 13:12:29 - [SpawnPoolWorker-2:MainThread] - ERROR - svg_export:39 - Failed to save SVG gambar1.svg: 'str' object has no attribute 'write'
2026-07-02 13:12:29 - [SpawnPoolWorker-2:MainThread] - ERROR - main:102 - ❌ Pipeline failed for gambar1.jpeg: 'str' object has no attribute 'write'
2026-07-02 13:12:30 - [MainProcess:MainThread] - INFO - main:180 - 🏁 Vector Factory Session Complete!
2026-07-02 13:12:30 - [MainProcess:MainThread] - INFO - main:181 - 📊 Yield: 0/1 vectors generated successfully in 80.31 seconds.
2026-07-02 13:16:43 - [MainProcess:MainThread] - INFO - main:141 - 🚀 Booting Vector Factory V2 Pipeline
2026-07-02 13:16:43 - [MainProcess:MainThread] - INFO - main:142 - ⚙️ Config: Workers=12, Colors=8, EPS Export=False
2026-07-02 13:16:43 - [MainProcess:MainThread] - INFO - filesystem:48 - Scanning for raster images in: C:\Users\admin\Downloads\titip\tracer\input
2026-07-02 13:16:43 - [MainProcess:MainThread] - INFO - filesystem:62 - Discovered 1 valid image(s) for vectorization.
2026-07-02 13:16:43 - [MainProcess:MainThread] - INFO - main:165 - ⚡ Scaling horizontally across 12 parallel workers.
2026-07-02 13:16:57 - [SpawnPoolWorker-3:MainThread] - INFO - main:44 - ▶️ Starting pipeline for: gambar1.jpeg
2026-07-02 13:17:27 - [SpawnPoolWorker-3:MainThread] - INFO - geometry:7 - Running diagnostic geometry bypass...
2026-07-02 13:18:04 - [SpawnPoolWorker-3:MainThread] - INFO - vtracer_wrapper:14 - Initiating VTracer vectorization engine...
2026-07-02 13:18:04 - [SpawnPoolWorker-3:MainThread] - INFO - main:98 - ✅ Successfully completed: gambar1.jpeg
2026-07-02 13:18:04 - [MainProcess:MainThread] - INFO - main:180 - 🏁 Vector Factory Session Complete!
2026-07-02 13:18:04 - [MainProcess:MainThread] - INFO - main:181 - 📊 Yield: 1/1 vectors generated successfully in 81.06 seconds.
2026-07-02 13:21:09 - [MainProcess:MainThread] - INFO - main:141 - 🚀 Booting Vector Factory V2 Pipeline
2026-07-02 13:21:09 - [MainProcess:MainThread] - INFO - main:142 - ⚙️ Config: Workers=12, Colors=8, EPS Export=False
2026-07-02 13:21:09 - [MainProcess:MainThread] - INFO - filesystem:48 - Scanning for raster images in: C:\Users\admin\Downloads\titip\tracer\input
2026-07-02 13:21:09 - [MainProcess:MainThread] - INFO - filesystem:62 - Discovered 2 valid image(s) for vectorization.
2026-07-02 13:21:09 - [MainProcess:MainThread] - INFO - main:165 - ⚡ Scaling horizontally across 12 parallel workers.
2026-07-02 13:21:28 - [SpawnPoolWorker-5:MainThread] - INFO - main:44 - ▶️ Starting pipeline for: gambar1.jpeg
2026-07-02 13:21:28 - [SpawnPoolWorker-11:MainThread] - INFO - main:44 - ▶️ Starting pipeline for: Currency_symbols_digital_wallets…_2K_202607021320.jpeg
2026-07-02 13:22:07 - [SpawnPoolWorker-5:MainThread] - INFO - geometry:7 - Running diagnostic geometry bypass...
2026-07-02 13:22:49 - [SpawnPoolWorker-5:MainThread] - INFO - vtracer_wrapper:14 - Initiating VTracer vectorization engine...
2026-07-02 13:22:49 - [SpawnPoolWorker-5:MainThread] - INFO - main:98 - ✅ Successfully completed: gambar1.jpeg
2026-07-02 13:24:07 - [SpawnPoolWorker-11:MainThread] - INFO - geometry:7 - Running diagnostic geometry bypass...
2026-07-02 13:24:51 - [SpawnPoolWorker-11:MainThread] - INFO - vtracer_wrapper:14 - Initiating VTracer vectorization engine...
2026-07-02 13:24:52 - [SpawnPoolWorker-11:MainThread] - INFO - main:98 - ✅ Successfully completed: Currency_symbols_digital_wallets…_2K_202607021320.jpeg
2026-07-02 13:24:52 - [MainProcess:MainThread] - INFO - main:180 - 🏁 Vector Factory Session Complete!
2026-07-02 13:24:52 - [MainProcess:MainThread] - INFO - main:181 - 📊 Yield: 2/2 vectors generated successfully in 223.22 seconds.
2026-07-02 13:25:42 - [MainProcess:MainThread] - INFO - main:140 - 🚀 Booting Vector Factory V2 Pipeline
2026-07-02 13:25:42 - [MainProcess:MainThread] - INFO - main:141 - ⚙️ Config: Workers=12, Colors=8, EPS Export=False
2026-07-02 13:25:42 - [MainProcess:MainThread] - INFO - filesystem:48 - Scanning for raster images in: C:\Users\admin\Downloads\titip\tracer\input
2026-07-02 13:25:42 - [MainProcess:MainThread] - INFO - filesystem:62 - Discovered 2 valid image(s) for vectorization.
2026-07-02 13:25:42 - [MainProcess:MainThread] - INFO - main:164 - ⚡ Scaling horizontally across 12 parallel workers.
2026-07-02 13:25:58 - [SpawnPoolWorker-10:MainThread] - INFO - main:44 - ▶️ Starting pipeline for: gambar1.jpeg
s_digital_wallets…_2K_202607021320.jpeg
2026-07-02 13:27:23 - [SpawnPoolWorker-10:MainThread] - INFO - geometry:7 - Running diagnostic geometry bypass...
2026-07-02 13:27:27 - [SpawnPoolWorker-2:MainThread] - INFO - geometry:7 - Running diagnostic geometry bypass...
2026-07-02 13:27:48 - [SpawnPoolWorker-10:MainThread] - INFO - vtracer_wrapper:14 - Initiating VTracer vectorization engine...
2026-07-02 13:27:48 - [SpawnPoolWorker-10:MainThread] - INFO - main:97 - ✅ Successfully completed: gambar1.jpeg
2026-07-02 13:27:54 - [SpawnPoolWorker-2:MainThread] - INFO - vtracer_wrapper:14 - Initiating VTracer vectorization engine...
2026-07-02 13:27:55 - [SpawnPoolWorker-2:MainThread] - INFO - main:97 - ✅ Successfully completed: Currency_symbols_digital_wallets…_2K_202607021320.jpeg
2026-07-02 13:27:56 - [MainProcess:MainThread] - INFO - main:179 - 🏁 Vector Factory Session Complete!
2026-07-02 13:27:56 - [MainProcess:MainThread] - INFO - main:180 - 📊 Yield: 2/2 vectors generated successfully in 134.19 seconds.
2026-07-02 13:29:34 - [MainProcess:MainThread] - INFO - main:140 - 🚀 Booting Vector Factory V2 Pipeline
2026-07-02 13:29:34 - [MainProcess:MainThread] - INFO - main:141 - ⚙️ Config: Workers=12, Colors=8, EPS Export=True
2026-07-02 13:29:34 - [MainProcess:MainThread] - INFO - filesystem:48 - Scanning for raster images in: C:\Users\admin\Downloads\titip\tracer\input
2026-07-02 13:29:34 - [MainProcess:MainThread] - INFO - filesystem:62 - Discovered 3 valid image(s) for vectorization.
2026-07-02 13:29:34 - [MainProcess:MainThread] - INFO - main:164 - ⚡ Scaling horizontally across 12 parallel workers.
2026-07-02 13:29:52 - [SpawnPoolWorker-5:MainThread] - INFO - main:44 - ▶️ Starting pipeline for: Currency_symbols_digital_wallets…_2K_202607021320.jpeg
2026-07-02 13:30:37 - [SpawnPoolWorker-3:MainThread] - INFO - geometry:7 - Running diagnostic geometry bypass...
2026-07-02 13:31:23 - [SpawnPoolWorker-3:MainThread] - INFO - vtracer_wrapper:14 - Initiating VTracer vectorization engine...
2026-07-02 13:31:24 - [SpawnPoolWorker-3:MainThread] - INFO - main:97 - ✅ Successfully completed: Minimalist_succulent_cactus_illu…_2K_202607021326.jpeg
2026-07-02 13:31:32 - [SpawnPoolWorker-6:MainThread] - INFO - geometry:7 - Running diagnostic geometry bypass...
2026-07-02 13:31:36 - [SpawnPoolWorker-5:MainThread] - INFO - geometry:7 - Running diagnostic geometry bypass...
2026-07-02 13:31:57 - [SpawnPoolWorker-6:MainThread] - INFO - vtracer_wrapper:14 - Initiating VTracer vectorization engine...
2026-07-02 13:31:58 - [SpawnPoolWorker-6:MainThread] - INFO - main:97 - ✅ Successfully completed: gambar1.jpeg
2026-07-02 13:32:03 - [SpawnPoolWorker-5:MainThread] - INFO - vtracer_wrapper:14 - Initiating VTracer vectorization engine...
2026-07-02 13:32:05 - [SpawnPoolWorker-5:MainThread] - INFO - main:97 - ✅ Successfully completed: Currency_symbols_digital_wallets…_2K_202607021320.jpeg
2026-07-02 13:32:05 - [MainProcess:MainThread] - INFO - main:179 - 🏁 Vector Factory Session Complete!
2026-07-02 13:32:05 - [MainProcess:MainThread] - INFO - main:180 - 📊 Yield: 3/3 vectors generated successfully in 150.87 seconds.
2026-07-02 13:35:21 - [MainProcess:MainThread] - INFO - main:140 - 🚀 Booting Vector Factory V2 Pipeline
2026-07-02 13:35:21 - [MainProcess:MainThread] - INFO - main:141 - ⚙️ Config: Workers=12, Colors=8, EPS Export=False
2026-07-02 13:35:21 - [MainProcess:MainThread] - INFO - filesystem:48 - Scanning for raster images in: C:\Users\admin\Downloads\titip\tracer\input
2026-07-02 13:35:21 - [MainProcess:MainThread] - INFO - filesystem:62 - Discovered 3 valid image(s) for vectorization.
2026-07-02 13:35:21 - [MainProcess:MainThread] - INFO - main:164 - ⚡ Scaling horizontally across 12 parallel workers.
2026-07-02 13:35:38 - [SpawnPoolWorker-5:MainThread] - INFO - main:44 - ▶️ Starting pipeline for: gambar1.jpeg
culent_cactus_illu…_2K_202607021326.jpeg
2026-07-02 13:36:22 - [SpawnPoolWorker-1:MainThread] - INFO - geometry:7 - Running diagnostic geometry bypass...
2026-07-02 13:37:07 - [SpawnPoolWorker-1:MainThread] - INFO - vtracer_wrapper:14 - Initiating VTracer vectorization engine...
2026-07-02 13:37:10 - [SpawnPoolWorker-1:MainThread] - INFO - main:97 - ✅ Successfully completed: Minimalist_succulent_cactus_illu…_2K_202607021326.jpeg
2026-07-02 13:37:19 - [SpawnPoolWorker-5:MainThread] - INFO - geometry:7 - Running diagnostic geometry bypass...
2026-07-02 13:37:24 - [SpawnPoolWorker-6:MainThread] - INFO - geometry:7 - Running diagnostic geometry bypass...
2026-07-02 13:37:46 - [SpawnPoolWorker-5:MainThread] - INFO - vtracer_wrapper:14 - Initiating VTracer vectorization engine...
2026-07-02 13:37:51 - [SpawnPoolWorker-5:MainThread] - INFO - main:97 - ✅ Successfully completed: gambar1.jpeg
2026-07-02 13:37:53 - [SpawnPoolWorker-6:MainThread] - INFO - vtracer_wrapper:14 - Initiating VTracer vectorization engine...
2026-07-02 13:37:59 - [SpawnPoolWorker-6:MainThread] - INFO - main:97 - ✅ Successfully completed: Currency_symbols_digital_wallets…_2K_202607021320.jpeg
2026-07-02 13:38:00 - [MainProcess:MainThread] - INFO - main:179 - 🏁 Vector Factory Session Complete!
2026-07-02 13:38:00 - [MainProcess:MainThread] - INFO - main:180 - 📊 Yield: 3/3 vectors generated successfully in 158.38 seconds.
2026-07-02 13:40:54 - [MainProcess:MainThread] - INFO - main:141 - 🚀 Booting Vector Factory V2 Pipeline
2026-07-02 13:40:54 - [MainProcess:MainThread] - INFO - main:142 - ⚙️ Config: Workers=12, Colors=8, EPS Export=False
2026-07-02 13:40:54 - [MainProcess:MainThread] - INFO - filesystem:48 - Scanning for raster images in: C:\Users\admin\Downloads\titip\tracer\input
2026-07-02 13:40:54 - [MainProcess:MainThread] - INFO - filesystem:62 - Discovered 3 valid image(s) for vectorization.
2026-07-02 13:40:54 - [MainProcess:MainThread] - INFO - main:165 - ⚡ Scaling horizontally across 12 parallel workers.
2026-07-02 13:41:27 - [SpawnPoolWorker-1:MainThread] - INFO - main:44 - ▶️ Starting pipeline for: gambar1.jpeg
culent_cactus_illu…_2K_202607021326.jpeg

2026-07-02 13:50:10 - [MainProcess:MainThread] - INFO - main:141 - 🚀 Booting Vector Factory V2 Pipeline
2026-07-02 13:50:10 - [MainProcess:MainThread] - INFO - main:142 - ⚙️ Config: Workers=12, Colors=8, EPS Export=False
2026-07-02 13:50:10 - [MainProcess:MainThread] - INFO - filesystem:48 - Scanning for raster images in: C:\Users\admin\Downloads\titip\tracer\input
2026-07-02 13:50:10 - [MainProcess:MainThread] - INFO - filesystem:62 - Discovered 2 valid image(s) for vectorization.
2026-07-02 13:50:10 - [MainProcess:MainThread] - INFO - main:165 - ⚡ Scaling horizontally across 12 parallel workers.
2026-07-02 13:50:41 - [SpawnPoolWorker-6:MainThread] - INFO - main:44 - ▶️ Starting pipeline for: gambar1.jpeg
culent_cactus_illu…_2K_202607021326.jpeg
2026-07-02 15:27:09 - [MainProcess:MainThread] - INFO - main:141 - 🚀 Booting Vector Factory V2 Pipeline
2026-07-02 15:27:09 - [MainProcess:MainThread] - INFO - main:142 - ⚙️ Config: Workers=12, Colors=8, EPS Export=False
2026-07-02 15:27:09 - [MainProcess:MainThread] - INFO - filesystem:48 - Scanning for raster images in: C:\Users\admin\Downloads\titip\tracer\input
2026-07-02 15:27:09 - [MainProcess:MainThread] - INFO - filesystem:62 - Discovered 2 valid image(s) for vectorization.
2026-07-02 15:27:09 - [MainProcess:MainThread] - INFO - main:165 - ⚡ Scaling horizontally across 12 parallel workers.
2026-07-02 15:27:21 - [SpawnPoolWorker-1:MainThread] - INFO - main:44 - ▶️ Starting pipeline for: Minimalist_succulent_cactus_illu…_2K_202607021326.jpeg
2026-07-02 15:46:41 - [SpawnPoolWorker-11:MainThread] - INFO - geometry:7 - Running diagnostic geometry bypass...
2026-07-02 15:47:18 - [SpawnPoolWorker-11:MainThread] - INFO - vtracer_wrapper:14 - Initiating VTracer vectorization engine...
2026-07-02 15:47:18 - [SpawnPoolWorker-11:MainThread] - INFO - main:98 - ✅ Successfully completed: gambar1.jpeg
2026-07-02 16:00:57 - [SpawnPoolWorker-1:MainThread] - INFO - geometry:7 - Running diagnostic geometry bypass...
2026-07-02 16:01:55 - [SpawnPoolWorker-1:MainThread] - INFO - vtracer_wrapper:14 - Initiating VTracer vectorization engine...
2026-07-02 16:01:55 - [SpawnPoolWorker-1:MainThread] - INFO - main:98 - ✅ Successfully completed: Minimalist_succulent_cactus_illu…_2K_202607021326.jpeg
2026-07-02 16:01:55 - [MainProcess:MainThread] - INFO - main:180 - 🏁 Vector Factory Session Complete!
2026-07-02 16:01:55 - [MainProcess:MainThread] - INFO - main:181 - 📊 Yield: 2/2 vectors generated successfully in 2086.48 seconds.
2026-07-02 16:09:10 - [MainProcess:MainThread] - INFO - main:113 - 🚀 Booting Vector Factory V2 Pipeline
2026-07-02 16:09:10 - [MainProcess:MainThread] - INFO - main:114 - ⚙️ Config: Workers=12, Colors=8, EPS Export=False
2026-07-02 16:09:10 - [MainProcess:MainThread] - INFO - filesystem:48 - Scanning for raster images in: C:\Users\admin\Downloads\titip\tracer\input
2026-07-02 16:09:10 - [MainProcess:MainThread] - INFO - filesystem:62 - Discovered 2 valid image(s) for vectorization.
2026-07-02 16:09:10 - [MainProcess:MainThread] - INFO - main:137 - ⚡ Scaling horizontally across 12 parallel workers.
2026-07-02 16:09:24 - [SpawnPoolWorker-9:MainThread] - INFO - main:40 - ▶️ Starting pipeline for: gambar1.jpeg
cculent_cactus_illu…_2K_202607021326.jpeg
2026-07-02 16:09:24 - [SpawnPoolWorker-9:MainThread] - INFO - vtracer_wrapper:14 - Initiating VTracer vectorization engine...
2026-07-02 16:09:24 - [SpawnPoolWorker-11:MainThread] - INFO - vtracer_wrapper:14 - Initiating VTracer vectorization engine...
2026-07-02 16:09:25 - [SpawnPoolWorker-9:MainThread] - INFO - main:70 - ✅ Successfully completed: gambar1.jpeg
2026-07-02 16:09:26 - [SpawnPoolWorker-11:MainThread] - INFO - main:70 - ✅ Successfully completed: Minimalist_succulent_cactus_illu…_2K_202607021326.jpeg
2026-07-02 16:09:26 - [MainProcess:MainThread] - INFO - main:152 - 🏁 Vector Factory Session Complete!
2026-07-02 16:09:26 - [MainProcess:MainThread] - INFO - main:153 - 📊 Yield: 2/2 vectors generated successfully in 16.20 seconds.
2026-07-02 16:32:51 - [MainProcess:MainThread] - INFO - main:113 - 🚀 Booting Vector Factory V2 Pipeline
2026-07-02 16:32:51 - [MainProcess:MainThread] - INFO - main:114 - ⚙️ Config: Workers=12, Colors=8, EPS Export=False
2026-07-02 16:32:51 - [MainProcess:MainThread] - INFO - filesystem:48 - Scanning for raster images in: C:\Users\admin\Downloads\titip\tracer\input
2026-07-02 16:32:51 - [MainProcess:MainThread] - INFO - filesystem:62 - Discovered 10 valid image(s) for vectorization.
2026-07-02 16:32:51 - [MainProcess:MainThread] - INFO - main:137 - ⚡ Scaling horizontally across 12 parallel workers.
2026-07-02 16:33:06 - [SpawnPoolWorker-5:MainThread] - INFO - main:40 - ▶️ Starting pipeline for: Big_Data_Nodes_Network_Visualiza…_202607021626.jpg
2026-07-02 16:33:06 - [SpawnPoolWorker-12:MainThread] - INFO - main:40 - ▶️ Starting pipeline for: Agile_Kanban_UI_Components_202607021627.jpg
26.jpg
2026-07-02 16:33:06 - [SpawnPoolWorker-4:MainThread] - INFO - main:40 - ▶️ Starting pipeline for: Baby_bottles,_strollers,_stethos…_202607021627.jpg
2026-07-02 16:33:06 - [SpawnPoolWorker-5:MainThread] - INFO - vtracer_wrapper:14 - Initiating VTracer vectorization engine...
2026-07-02 16:33:06 - [SpawnPoolWorker-6:MainThread] - INFO - vtracer_wrapper:14 - Initiating VTracer vectorization engine...
2026-07-02 16:33:06 - [SpawnPoolWorker-4:MainThread] - INFO - vtracer_wrapper:14 - Initiating VTracer vectorization engine...
2026-07-02 16:33:06 - [SpawnPoolWorker-8:MainThread] - INFO - vtracer_wrapper:14 - Initiating VTracer vectorization engine...
2026-07-02 16:33:06 - [SpawnPoolWorker-12:MainThread] - INFO - vtracer_wrapper:14 - Initiating VTracer vectorization engine...
2026-07-02 16:33:07 - [SpawnPoolWorker-6:MainThread] - INFO - main:70 - ✅ Successfully completed: Architecture_icons_skyscraper_co…_202607021626.jpg
2026-07-02 16:33:07 - [SpawnPoolWorker-6:MainThread] - INFO - main:40 - ▶️ Starting pipeline for: Bitcoin_symbols_linked_blocks_di…_202607021625.jpg
2026-07-02 16:33:07 - [SpawnPoolWorker-6:MainThread] - INFO - vtracer_wrapper:14 - Initiating VTracer vectorization engine...
2026-07-02 16:33:08 - [SpawnPoolWorker-4:MainThread] - INFO - main:70 - ✅ Successfully completed: Baby_bottles,_strollers,_stethos…_202607021627.jpg
2026-07-02 16:33:08 - [SpawnPoolWorker-4:MainThread] - INFO - main:40 - ▶️ Starting pipeline for: Buildings_with_trees_solar_bluep…_202607021627.jpg
2026-07-02 16:33:08 - [SpawnPoolWorker-4:MainThread] - INFO - vtracer_wrapper:14 - Initiating VTracer vectorization engine...
2026-07-02 16:33:08 - [SpawnPoolWorker-5:MainThread] - INFO - main:70 - ✅ Successfully completed: Big_Data_Nodes_Network_Visualiza…_202607021626.jpg
2026-07-02 16:33:08 - [SpawnPoolWorker-5:MainThread] - INFO - main:40 - ▶️ Starting pipeline for: Business_dashboard_UI_icons_202607021625.jpg
2026-07-02 16:33:08 - [SpawnPoolWorker-5:MainThread] - INFO - vtracer_wrapper:14 - Initiating VTracer vectorization engine...
2026-07-02 16:33:08 - [SpawnPoolWorker-6:MainThread] - INFO - main:70 - ✅ Successfully completed: Bitcoin_symbols_linked_blocks_di…_202607021625.jpg
2026-07-02 16:33:08 - [SpawnPoolWorker-6:MainThread] - INFO - main:40 - ▶️ Starting pipeline for: Candlestick_chart_bull_bear_port…_202607021627.jpg
2026-07-02 16:33:08 - [SpawnPoolWorker-6:MainThread] - INFO - vtracer_wrapper:14 - Initiating VTracer vectorization engine...
2026-07-02 16:33:08 - [SpawnPoolWorker-8:MainThread] - INFO - main:70 - ✅ Successfully completed: Academic_graduation_certificatio…_202607021627.jpg
2026-07-02 16:33:08 - [SpawnPoolWorker-8:MainThread] - INFO - main:40 - ▶️ Starting pipeline for: Cardiology_icons_heart_ECG_steth…_202607021627.jpg
2026-07-02 16:33:09 - [SpawnPoolWorker-8:MainThread] - INFO - vtracer_wrapper:14 - Initiating VTracer vectorization engine...
2026-07-02 16:33:09 - [SpawnPoolWorker-4:MainThread] - INFO - main:70 - ✅ Successfully completed: Buildings_with_trees_solar_bluep…_202607021627.jpg
2026-07-02 16:33:09 - [SpawnPoolWorker-5:MainThread] - INFO - main:70 - ✅ Successfully completed: Business_dashboard_UI_icons_202607021625.jpg
2026-07-02 16:33:09 - [SpawnPoolWorker-12:MainThread] - INFO - main:70 - ✅ Successfully completed: Agile_Kanban_UI_Components_202607021627.jpg
2026-07-02 16:33:11 - [SpawnPoolWorker-8:MainThread] - INFO - main:70 - ✅ Successfully completed: Cardiology_icons_heart_ECG_steth…_202607021627.jpg
2026-07-02 16:33:11 - [SpawnPoolWorker-6:MainThread] - INFO - main:70 - ✅ Successfully completed: Candlestick_chart_bull_bear_port…_202607021627.jpg
2026-07-02 16:33:12 - [MainProcess:MainThread] - INFO - main:152 - 🏁 Vector Factory Session Complete!
2026-07-02 16:33:12 - [MainProcess:MainThread] - INFO - main:153 - 📊 Yield: 10/10 vectors generated successfully in 20.86 seconds.
2026-07-02 16:52:05 - [MainProcess:MainThread] - INFO - main:113 - 🚀 Booting Vector Factory V2 Pipeline
2026-07-02 16:52:05 - [MainProcess:MainThread] - INFO - main:114 - ⚙️ Config: Workers=12, Colors=8, EPS Export=False
2026-07-02 16:52:05 - [MainProcess:MainThread] - INFO - filesystem:48 - Scanning for raster images in: C:\Users\admin\Downloads\titip\tracer\input
2026-07-02 16:52:05 - [MainProcess:MainThread] - INFO - filesystem:62 - Discovered 76 valid image(s) for vectorization.
2026-07-02 16:52:05 - [MainProcess:MainThread] - INFO - main:137 - ⚡ Scaling horizontally across 12 parallel workers.
2026-07-02 16:52:20 - [SpawnPoolWorker-2:MainThread] - INFO - main:40 - ▶️ Starting pipeline for: Education_and_e-learning_symbols_202607021624.jpg
2026-07-02 16:52:20 - [SpawnPoolWorker-9:MainThread] - INFO - main:40 - ▶️ Starting pipeline for: Eco-tourism_travel_icons_collection_202607021627.jpg
2026-07-02 16:52:20 - [SpawnPoolWorker-10:MainThread] - INFO - main:40 - ▶️ Starting pipeline for: Dashboard_gauges_performance_wid…_202607021627.jpg
2026-07-02 16:52:20 - [SpawnPoolWorker-5:MainThread] - INFO - main:40 - ▶️ Starting pipeline for: Dental_healthcare_and_orthodonti…_202607021626.jpg
2026-07-02 16:52:20 - [SpawnPoolWorker-8:MainThread] - INFO - main:40 - ▶️ Starting pipeline for: Dynamic_Data_Visualization_UI_Co…_202607021616.jpg
2026-07-02 16:52:21 - [SpawnPoolWorker-10:MainThread] - INFO - vtracer_wrapper:14 - Initiating VTracer vectorization engine...
2026-07-02 16:52:21 - [SpawnPoolWorker-9:MainThread] - INFO - vtracer_wrapper:14 - Initiating VTracer vectorization engine...
2026-07-02 16:52:21 - [SpawnPoolWorker-2:MainThread] - INFO - vtracer_wrapper:14 - Initiating VTracer vectorization engine...
2026-07-02 16:52:21 - [SpawnPoolWorker-6:MainThread] - INFO - vtracer_wrapper:14 - Initiating VTracer vectorization engine...
2026-07-02 16:52:21 - [SpawnPoolWorker-7:MainThread] - INFO - vtracer_wrapper:14 - Initiating VTracer vectorization engine...
2026-07-02 16:52:21 - [SpawnPoolWorker-5:MainThread] - INFO - vtracer_wrapper:14 - Initiating VTracer vectorization engine...
2026-07-02 16:52:21 - [SpawnPoolWorker-8:MainThread] - INFO - vtracer_wrapper:14 - Initiating VTracer vectorization engine...
2026-07-02 16:52:22 - [SpawnPoolWorker-9:MainThread] - INFO - main:70 - ✅ Successfully completed: Eco-tourism_travel_icons_collection_202607021627.jpg
2026-07-02 16:52:22 - [SpawnPoolWorker-9:MainThread] - INFO - main:40 - ▶️ Starting pipeline for: Email_marketing_elements_icon_set_202607021626.jpg
2026-07-02 16:52:22 - [SpawnPoolWorker-9:MainThread] - INFO - vtracer_wrapper:14 - Initiating VTracer vectorization engine...
2026-07-02 16:52:22 - [SpawnPoolWorker-5:MainThread] - INFO - main:70 - ✅ Successfully completed: Dental_healthcare_and_orthodonti…_202607021626.jpg
2026-07-02 16:52:22 - [SpawnPoolWorker-5:MainThread] - INFO - main:40 - ▶️ Starting pipeline for: Fintech_icons_contactless_QR_mobile_202607021625.jpg
2026-07-02 16:52:22 - [SpawnPoolWorker-5:MainThread] - INFO - vtracer_wrapper:14 - Initiating VTracer vectorization engine...
2026-07-02 16:52:22 - [SpawnPoolWorker-9:MainThread] - INFO - main:70 - ✅ Successfully completed: Email_marketing_elements_icon_set_202607021626.jpg
2026-07-02 16:52:22 - [SpawnPoolWorker-9:MainThread] - INFO - main:40 - ▶️ Starting pipeline for: Fitness_wellness_lifestyle_symbo…_202607021625.jpg
2026-07-02 16:52:22 - [SpawnPoolWorker-9:MainThread] - INFO - vtracer_wrapper:14 - Initiating VTracer vectorization engine...
2026-07-02 16:52:23 - [SpawnPoolWorker-10:MainThread] - INFO - main:70 - ✅ Successfully completed: Dashboard_gauges_performance_wid…_202607021627.jpg
2026-07-02 16:52:23 - [SpawnPoolWorker-10:MainThread] - INFO - main:40 - ▶️ Starting pipeline for: Food_culinary_art_icons_202607021624.jpg
2026-07-02 16:52:23 - [SpawnPoolWorker-10:MainThread] - INFO - vtracer_wrapper:14 - Initiating VTracer vectorization engine...
2026-07-02 16:52:23 - [SpawnPoolWorker-6:MainThread] - INFO - main:70 - ✅ Successfully completed: Electric_cargo_bikes_delivery_lo…_202607021627.jpg
2026-07-02 16:52:23 - [SpawnPoolWorker-6:MainThread] - INFO - main:40 - ▶️ Starting pipeline for: Form_fields_and_input_UI_202607021626.jpg
2026-07-02 16:52:23 - [SpawnPoolWorker-6:MainThread] - INFO - vtracer_wrapper:14 - Initiating VTracer vectorization engine...
2026-07-02 16:52:23 - [SpawnPoolWorker-8:MainThread] - INFO - main:70 - ✅ Successfully completed: Dynamic_Data_Visualization_UI_Co…_202607021616.jpg
2026-07-02 16:52:23 - [SpawnPoolWorker-8:MainThread] - INFO - main:40 - ▶️ Starting pipeline for: Geometric_pattern_hexagons_trian…_202607021624.jpg
2026-07-02 16:52:23 - [SpawnPoolWorker-8:MainThread] - INFO - vtracer_wrapper:14 - Initiating VTracer vectorization engine...
2026-07-02 16:52:23 - [SpawnPoolWorker-9:MainThread] - INFO - main:70 - ✅ Successfully completed: Fitness_wellness_lifestyle_symbo…_202607021625.jpg
2026-07-02 16:52:23 - [SpawnPoolWorker-9:MainThread] - INFO - main:40 - ▶️ Starting pipeline for: Heatmap_grids_data_analytics_202607021626.jpg
2026-07-02 16:52:23 - [SpawnPoolWorker-9:MainThread] - INFO - vtracer_wrapper:14 - Initiating VTracer vectorization engine...
2026-07-02 16:52:23 - [SpawnPoolWorker-5:MainThread] - INFO - main:70 - ✅ Successfully completed: Fintech_icons_contactless_QR_mobile_202607021625.jpg
2026-07-02 16:52:23 - [SpawnPoolWorker-5:MainThread] - INFO - main:40 - ▶️ Starting pipeline for: Hotel_accommodation_service_icons_202607021626.jpg
2026-07-02 16:52:23 - [SpawnPoolWorker-5:MainThread] - INFO - vtracer_wrapper:14 - Initiating VTracer vectorization engine...
2026-07-02 16:52:24 - [SpawnPoolWorker-10:MainThread] - INFO - main:70 - ✅ Successfully completed: Food_culinary_art_icons_202607021624.jpg
2026-07-02 16:52:24 - [SpawnPoolWorker-10:MainThread] - INFO - main:40 - ▶️ Starting pipeline for: Human_Resources_Teamwork_Symbols_202607021625.jpg
2026-07-02 16:52:24 - [SpawnPoolWorker-10:MainThread] - INFO - vtracer_wrapper:14 - Initiating VTracer vectorization engine...
2026-07-02 16:52:24 - [SpawnPoolWorker-6:MainThread] - INFO - main:70 - ✅ Successfully completed: Form_fields_and_input_UI_202607021626.jpg
2026-07-02 16:52:24 - [SpawnPoolWorker-6:MainThread] - INFO - main:40 - ▶️ Starting pipeline for: Infographic_elements_and_flowcharts_202607021625.jpg
2026-07-02 16:52:24 - [SpawnPoolWorker-6:MainThread] - INFO - vtracer_wrapper:14 - Initiating VTracer vectorization engine...
2026-07-02 16:52:25 - [SpawnPoolWorker-5:MainThread] - INFO - main:70 - ✅ Successfully completed: Hotel_accommodation_service_icons_202607021626.jpg
2026-07-02 16:52:25 - [SpawnPoolWorker-5:MainThread] - INFO - main:40 - ▶️ Starting pipeline for: Infographic_Pyramid_Venn_Diagram…_202607021626.jpg
2026-07-02 16:52:25 - [SpawnPoolWorker-5:MainThread] - INFO - vtracer_wrapper:14 - Initiating VTracer vectorization engine...
2026-07-02 16:52:25 - [SpawnPoolWorker-7:MainThread] - INFO - main:70 - ✅ Successfully completed: E-commerce_icons_shopping_basket…_202607021625.jpg
2026-07-02 16:52:25 - [SpawnPoolWorker-7:MainThread] - INFO - main:40 - ▶️ Starting pipeline for: Infographic_timeline_milestone_e…_202607021625.jpg
2026-07-02 16:52:25 - [SpawnPoolWorker-9:MainThread] - INFO - main:70 - ✅ Successfully completed: Heatmap_grids_data_analytics_202607021626.jpg
2026-07-02 16:52:25 - [SpawnPoolWorker-9:MainThread] - INFO - main:40 - ▶️ Starting pipeline for: Insurance_icons__umbrellas,_shie…_202607021627.jpg
2026-07-02 16:52:25 - [SpawnPoolWorker-7:MainThread] - INFO - vtracer_wrapper:14 - Initiating VTracer vectorization engine...
2026-07-02 16:52:25 - [SpawnPoolWorker-9:MainThread] - INFO - vtracer_wrapper:14 - Initiating VTracer vectorization engine...
2026-07-02 16:52:26 - [SpawnPoolWorker-10:MainThread] - INFO - main:70 - ✅ Successfully completed: Human_Resources_Teamwork_Symbols_202607021625.jpg
2026-07-02 16:52:26 - [SpawnPoolWorker-10:MainThread] - INFO - main:40 - ▶️ Starting pipeline for: Interlocking_grids_wave_lines_do…_202607021625.jpg
2026-07-02 16:52:26 - [SpawnPoolWorker-5:MainThread] - INFO - main:70 - ✅ Successfully completed: Infographic_Pyramid_Venn_Diagram…_202607021626.jpg
2026-07-02 16:52:26 - [SpawnPoolWorker-10:MainThread] - INFO - vtracer_wrapper:14 - Initiating VTracer vectorization engine...
2026-07-02 16:52:26 - [SpawnPoolWorker-5:MainThread] - INFO - main:40 - ▶️ Starting pipeline for: Investment_icons_with_gold_bars_202607021626.jpg
2026-07-02 16:52:26 - [SpawnPoolWorker-5:MainThread] - INFO - vtracer_wrapper:14 - Initiating VTracer vectorization engine...
2026-07-02 16:52:26 - [SpawnPoolWorker-9:MainThread] - INFO - main:70 - ✅ Successfully completed: Insurance_icons__umbrellas,_shie…_202607021627.jpg
2026-07-02 16:52:26 - [SpawnPoolWorker-9:MainThread] - INFO - main:40 - ▶️ Starting pipeline for: Laboratory_equipment_icons_202607021626.jpg
2026-07-02 16:52:26 - [SpawnPoolWorker-9:MainThread] - INFO - vtracer_wrapper:14 - Initiating VTracer vectorization engine...
2026-07-02 16:52:26 - [SpawnPoolWorker-2:MainThread] - INFO - main:70 - ✅ Successfully completed: Education_and_e-learning_symbols_202607021624.jpg
2026-07-02 16:52:26 - [SpawnPoolWorker-2:MainThread] - INFO - main:40 - ▶️ Starting pipeline for: Laboratory_icons_beakers_molecul…_202607021626.jpg
2026-07-02 16:52:26 - [SpawnPoolWorker-2:MainThread] - INFO - vtracer_wrapper:14 - Initiating VTracer vectorization engine...
2026-07-02 16:52:27 - [SpawnPoolWorker-6:MainThread] - INFO - main:70 - ✅ Successfully completed: Infographic_elements_and_flowcharts_202607021625.jpg
2026-07-02 16:52:27 - [SpawnPoolWorker-6:MainThread] - INFO - main:40 - ▶️ Starting pipeline for: Laptops,_coffee_cups,_video_icons_202607021625.jpg
2026-07-02 16:52:27 - [SpawnPoolWorker-6:MainThread] - INFO - vtracer_wrapper:14 - Initiating VTracer vectorization engine...
2026-07-02 16:52:28 - [SpawnPoolWorker-9:MainThread] - INFO - main:70 - ✅ Successfully completed: Laboratory_equipment_icons_202607021626.jpg
626.jpg
2026-07-02 16:52:28 - [SpawnPoolWorker-9:MainThread] - INFO - main:40 - ▶️ Starting pipeline for: Legal_justice_professional_icons_202607021625.jpg
g
2026-07-02 16:52:28 - [SpawnPoolWorker-2:MainThread] - INFO - vtracer_wrapper:14 - Initiating VTracer vectorization engine...
2026-07-02 16:52:29 - [SpawnPoolWorker-6:MainThread] - INFO - main:70 - ✅ Successfully completed: Laptops,_coffee_cups,_video_icons_202607021625.jpg
2026-07-02 16:52:29 - [SpawnPoolWorker-6:MainThread] - INFO - main:40 - ▶️ Starting pipeline for: Magnifying_glasses_pie_charts_da…_202607021625.jpg
2026-07-02 16:52:29 - [SpawnPoolWorker-6:MainThread] - INFO - vtracer_wrapper:14 - Initiating VTracer vectorization engine...
2026-07-02 16:52:38 - [SpawnPoolWorker-6:MainThread] - INFO - main:70 - ✅ Successfully completed: Magnifying_glasses_pie_charts_da…_202607021625.jpg
2026-07-02 16:52:38 - [SpawnPoolWorker-6:MainThread] - INFO - main:40 - ▶️ Starting pipeline for: Marketing_icons__megaphone,_bar_…_202607021625.jpg
2026-07-02 16:52:38 - [SpawnPoolWorker-6:MainThread] - INFO - vtracer_wrapper:14 - Initiating VTracer vectorization engine...
2026-07-02 16:52:40 - [SpawnPoolWorker-7:MainThread] - INFO - main:70 - ✅ Successfully completed: Infographic_timeline_milestone_e…_202607021625.jpg
2026-07-02 16:52:40 - [SpawnPoolWorker-7:MainThread] - INFO - main:40 - ▶️ Starting pipeline for: Memphis_style_geometric_patterns_202607021626.jpg
2026-07-02 16:52:40 - [SpawnPoolWorker-2:MainThread] - INFO - main:70 - ✅ Successfully completed: Layered_shapes_diagonals_negativ…_202607021624.jpg
2026-07-02 16:52:40 - [SpawnPoolWorker-2:MainThread] - INFO - main:40 - ▶️ Starting pipeline for: Minimalist_succulent_cactus_illu…_202607021626.jpg
2026-07-02 16:52:40 - [SpawnPoolWorker-9:MainThread] - INFO - main:70 - ✅ Successfully completed: Legal_justice_professional_icons_202607021625.jpg
2026-07-02 16:52:40 - [SpawnPoolWorker-7:MainThread] - INFO - vtracer_wrapper:14 - Initiating VTracer vectorization engine...
elements_202607021626.jpg
2026-07-02 16:52:40 - [SpawnPoolWorker-2:MainThread] - INFO - vtracer_wrapper:14 - Initiating VTracer vectorization engine...
2026-07-02 16:52:40 - [SpawnPoolWorker-5:MainThread] - INFO - main:70 - ✅ Successfully completed: Investment_icons_with_gold_bars_202607021626.jpg
2026-07-02 16:52:40 - [SpawnPoolWorker-5:MainThread] - INFO - main:40 - ▶️ Starting pipeline for: Mobile_settings_UI_components_202607021627.jpg
2026-07-02 16:52:40 - [SpawnPoolWorker-5:MainThread] - INFO - vtracer_wrapper:14 - Initiating VTracer vectorization engine...
2026-07-02 16:52:41 - [SpawnPoolWorker-9:MainThread] - INFO - main:70 - ✅ Successfully completed: Mobile_app_navigation_UI_elements_202607021626.jpg
2026-07-02 16:52:41 - [SpawnPoolWorker-9:MainThread] - INFO - main:40 - ▶️ Starting pipeline for: Neural_Networks_Circuitry_Brains…_202607021624.jpg
2026-07-02 16:52:41 - [SpawnPoolWorker-9:MainThread] - INFO - vtracer_wrapper:14 - Initiating VTracer vectorization engine...
2026-07-02 16:52:41 - [SpawnPoolWorker-6:MainThread] - INFO - main:70 - ✅ Successfully completed: Marketing_icons__megaphone,_bar_…_202607021625.jpg
2026-07-02 16:52:41 - [SpawnPoolWorker-6:MainThread] - INFO - main:40 - ▶️ Starting pipeline for: Office_stationery_and_supplies_i…_202607021625.jpg
2026-07-02 16:52:41 - [SpawnPoolWorker-10:MainThread] - INFO - main:70 - ✅ Successfully completed: Interlocking_grids_wave_lines_do…_202607021625.jpg
2026-07-02 16:52:41 - [SpawnPoolWorker-10:MainThread] - INFO - main:40 - ▶️ Starting pipeline for: Organic_shape_compositions_modern_202607021624.jpg
2026-07-02 16:52:41 - [SpawnPoolWorker-6:MainThread] - INFO - vtracer_wrapper:14 - Initiating VTracer vectorization engine...
2026-07-02 16:52:41 - [SpawnPoolWorker-10:MainThread] - INFO - vtracer_wrapper:14 - Initiating VTracer vectorization engine...
2026-07-02 16:52:41 - [SpawnPoolWorker-5:MainThread] - INFO - main:70 - ✅ Successfully completed: Mobile_settings_UI_components_202607021627.jpg
2026-07-02 16:52:41 - [SpawnPoolWorker-5:MainThread] - INFO - main:40 - ▶️ Starting pipeline for: Organizational_charts_data_flow_202607021626.jpg
2026-07-02 16:52:41 - [SpawnPoolWorker-5:MainThread] - INFO - vtracer_wrapper:14 - Initiating VTracer vectorization engine...
2026-07-02 16:52:41 - [SpawnPoolWorker-8:MainThread] - INFO - main:70 - ✅ Successfully completed: Geometric_pattern_hexagons_trian…_202607021624.jpg
2026-07-02 16:52:41 - [SpawnPoolWorker-8:MainThread] - INFO - main:40 - ▶️ Starting pipeline for: Outdoor_adventure_nature_travel_…_202607021626.jpg
2026-07-02 16:52:41 - [SpawnPoolWorker-8:MainThread] - INFO - vtracer_wrapper:14 - Initiating VTracer vectorization engine...
2026-07-02 16:52:42 - [SpawnPoolWorker-7:MainThread] - INFO - main:70 - ✅ Successfully completed: Memphis_style_geometric_patterns_202607021626.jpg
2026-07-02 16:52:42 - [SpawnPoolWorker-7:MainThread] - INFO - main:40 - ▶️ Starting pipeline for: Pharmacy_medication_icons_202607021626.jpg
2026-07-02 16:52:42 - [SpawnPoolWorker-7:MainThread] - INFO - vtracer_wrapper:14 - Initiating VTracer vectorization engine...
2026-07-02 16:52:42 - [SpawnPoolWorker-10:MainThread] - INFO - main:70 - ✅ Successfully completed: Organic_shape_compositions_modern_202607021624.jpg
2026-07-02 16:52:42 - [SpawnPoolWorker-10:MainThread] - INFO - main:40 - ▶️ Starting pipeline for: Professional_tax_auditing_financ…_202607021626.jpg
2026-07-02 16:52:42 - [SpawnPoolWorker-2:MainThread] - INFO - main:70 - ✅ Successfully completed: Minimalist_succulent_cactus_illu…_202607021626.jpg
2026-07-02 16:52:42 - [SpawnPoolWorker-10:MainThread] - INFO - vtracer_wrapper:14 - Initiating VTracer vectorization engine...
2026-07-02 16:52:42 - [SpawnPoolWorker-2:MainThread] - INFO - main:40 - ▶️ Starting pipeline for: Project_management_dashboard_icons_202607021626.jpg
2026-07-02 16:52:42 - [SpawnPoolWorker-2:MainThread] - INFO - vtracer_wrapper:14 - Initiating VTracer vectorization engine...
2026-07-02 16:52:43 - [SpawnPoolWorker-10:MainThread] - INFO - main:70 - ✅ Successfully completed: Professional_tax_auditing_financ…_202607021626.jpg
2026-07-02 16:52:43 - [SpawnPoolWorker-10:MainThread] - INFO - main:40 - ▶️ Starting pipeline for: Real_estate_property_icons_202607021625.jpg
2026-07-02 16:52:44 - [SpawnPoolWorker-10:MainThread] - INFO - vtracer_wrapper:14 - Initiating VTracer vectorization engine...
2026-07-02 16:52:46 - [SpawnPoolWorker-10:MainThread] - INFO - main:70 - ✅ Successfully completed: Real_estate_property_icons_202607021625.jpg
2026-07-02 16:52:46 - [SpawnPoolWorker-10:MainThread] - INFO - main:40 - ▶️ Starting pipeline for: Recruitment_talent_acquisition_i…_202607021627.jpg
2026-07-02 16:52:46 - [SpawnPoolWorker-2:MainThread] - INFO - main:70 - ✅ Successfully completed: Project_management_dashboard_icons_202607021626.jpg
2026-07-02 16:52:46 - [SpawnPoolWorker-2:MainThread] - INFO - main:40 - ▶️ Starting pipeline for: Recycling_Arrows_Upcycling_Icons…_202607021626.jpg
2026-07-02 16:52:46 - [SpawnPoolWorker-10:MainThread] - INFO - vtracer_wrapper:14 - Initiating VTracer vectorization engine...
2026-07-02 16:52:46 - [SpawnPoolWorker-2:MainThread] - INFO - vtracer_wrapper:14 - Initiating VTracer vectorization engine...
2026-07-02 16:52:46 - [SpawnPoolWorker-7:MainThread] - INFO - main:70 - ✅ Successfully completed: Pharmacy_medication_icons_202607021626.jpg
2026-07-02 16:52:46 - [SpawnPoolWorker-7:MainThread] - INFO - main:40 - ▶️ Starting pipeline for: Renewable_energy_sustainability_…_202607021617.jpg
2026-07-02 16:52:46 - [SpawnPoolWorker-7:MainThread] - INFO - vtracer_wrapper:14 - Initiating VTracer vectorization engine...
2026-07-02 16:52:46 - [SpawnPoolWorker-9:MainThread] - INFO - main:70 - ✅ Successfully completed: Neural_Networks_Circuitry_Brains…_202607021624.jpg
2026-07-02 16:52:46 - [SpawnPoolWorker-9:MainThread] - INFO - main:40 - ▶️ Starting pipeline for: Renewable_energy_sustainability_…_202607021624.jpg
2026-07-02 16:52:46 - [SpawnPoolWorker-9:MainThread] - INFO - vtracer_wrapper:14 - Initiating VTracer vectorization engine...
2026-07-02 16:52:47 - [SpawnPoolWorker-2:MainThread] - INFO - main:70 - ✅ Successfully completed: Recycling_Arrows_Upcycling_Icons…_202607021626.jpg
2026-07-02 16:52:47 - [SpawnPoolWorker-2:MainThread] - INFO - main:40 - ▶️ Starting pipeline for: Retail_icons_shopping_bags_price…_202607021625.jpg
2026-07-02 16:52:47 - [SpawnPoolWorker-2:MainThread] - INFO - vtracer_wrapper:14 - Initiating VTracer vectorization engine...
2026-07-02 16:52:47 - [SpawnPoolWorker-10:MainThread] - INFO - main:70 - ✅ Successfully completed: Recruitment_talent_acquisition_i…_202607021627.jpg
2026-07-02 16:52:47 - [SpawnPoolWorker-10:MainThread] - INFO - main:40 - ▶️ Starting pipeline for: Ring_lights_microphones_social_v…_202607021627.jpg
2026-07-02 16:52:47 - [SpawnPoolWorker-10:MainThread] - INFO - vtracer_wrapper:14 - Initiating VTracer vectorization engine...
2026-07-02 16:52:48 - [SpawnPoolWorker-7:MainThread] - INFO - main:70 - ✅ Successfully completed: Renewable_energy_sustainability_…_202607021617.jpg
2026-07-02 16:52:48 - [SpawnPoolWorker-7:MainThread] - INFO - main:40 - ▶️ Starting pipeline for: Robotic_arms_AGVs_sensors_202607021626.jpg
2026-07-02 16:52:48 - [SpawnPoolWorker-9:MainThread] - INFO - main:70 - ✅ Successfully completed: Renewable_energy_sustainability_…_202607021624.jpg
2026-07-02 16:52:48 - [SpawnPoolWorker-7:MainThread] - INFO - vtracer_wrapper:14 - Initiating VTracer vectorization engine...
2026-07-02 16:52:48 - [SpawnPoolWorker-9:MainThread] - INFO - main:40 - ▶️ Starting pipeline for: Rocket_ships_lightbulbs_rising_s…_202607021616.jpg
2026-07-02 16:52:48 - [SpawnPoolWorker-9:MainThread] - INFO - vtracer_wrapper:14 - Initiating VTracer vectorization engine...
2026-07-02 16:52:48 - [SpawnPoolWorker-2:MainThread] - INFO - main:70 - ✅ Successfully completed: Retail_icons_shopping_bags_price…_202607021625.jpg
2026-07-02 16:52:48 - [SpawnPoolWorker-2:MainThread] - INFO - main:40 - ▶️ Starting pipeline for: Shipping_containers_global_map_n…_202607021624.jpg
2026-07-02 16:52:48 - [SpawnPoolWorker-2:MainThread] - INFO - vtracer_wrapper:14 - Initiating VTracer vectorization engine...
2026-07-02 16:52:49 - [SpawnPoolWorker-9:MainThread] - INFO - main:70 - ✅ Successfully completed: Rocket_ships_lightbulbs_rising_s…_202607021616.jpg
2026-07-02 16:52:49 - [SpawnPoolWorker-9:MainThread] - INFO - main:40 - ▶️ Starting pipeline for: Signal_towers_5G_symbols_data_202607021626.jpg
2026-07-02 16:52:49 - [SpawnPoolWorker-10:MainThread] - INFO - main:70 - ✅ Successfully completed: Ring_lights_microphones_social_v…_202607021627.jpg
2026-07-02 16:52:49 - [SpawnPoolWorker-10:MainThread] - INFO - main:40 - ▶️ Starting pipeline for: Smart_home_automation_interface_…_202607021616.jpg
2026-07-02 16:52:49 - [SpawnPoolWorker-9:MainThread] - INFO - vtracer_wrapper:14 - Initiating VTracer vectorization engine...
2026-07-02 16:52:49 - [SpawnPoolWorker-7:MainThread] - INFO - main:70 - ✅ Successfully completed: Robotic_arms_AGVs_sensors_202607021626.jpg
2026-07-02 16:52:49 - [SpawnPoolWorker-7:MainThread] - INFO - main:40 - ▶️ Starting pipeline for: Smart_home_automation_interface_…_202607021624.jpg
2026-07-02 16:52:49 - [SpawnPoolWorker-10:MainThread] - INFO - vtracer_wrapper:14 - Initiating VTracer vectorization engine...
2026-07-02 16:52:49 - [SpawnPoolWorker-7:MainThread] - INFO - vtracer_wrapper:14 - Initiating VTracer vectorization engine...
2026-07-02 16:52:51 - [SpawnPoolWorker-9:MainThread] - INFO - main:70 - ✅ Successfully completed: Signal_towers_5G_symbols_data_202607021626.jpg
2026-07-02 16:52:51 - [SpawnPoolWorker-9:MainThread] - INFO - main:40 - ▶️ Starting pipeline for: Smart_Home_Energy_Icons_202607021625.jpg
2026-07-02 16:52:51 - [SpawnPoolWorker-9:MainThread] - INFO - vtracer_wrapper:14 - Initiating VTracer vectorization engine...
2026-07-02 16:52:51 - [SpawnPoolWorker-10:MainThread] - INFO - main:70 - ✅ Successfully completed: Smart_home_automation_interface_…_202607021616.jpg
2026-07-02 16:52:51 - [SpawnPoolWorker-10:MainThread] - INFO - main:40 - ▶️ Starting pipeline for: Smart_home_security_icons_202607021627.jpg
2026-07-02 16:52:51 - [SpawnPoolWorker-10:MainThread] - INFO - vtracer_wrapper:14 - Initiating VTracer vectorization engine...
2026-07-02 16:52:51 - [SpawnPoolWorker-7:MainThread] - INFO - main:70 - ✅ Successfully completed: Smart_home_automation_interface_…_202607021624.jpg
2026-07-02 16:52:51 - [SpawnPoolWorker-7:MainThread] - INFO - main:40 - ▶️ Starting pipeline for: Smart_lighting_atmosphere_contro…_202607021627.jpg
2026-07-02 16:52:51 - [SpawnPoolWorker-7:MainThread] - INFO - vtracer_wrapper:14 - Initiating VTracer vectorization engine...
2026-07-02 16:52:51 - [SpawnPoolWorker-2:MainThread] - INFO - main:70 - ✅ Successfully completed: Shipping_containers_global_map_n…_202607021624.jpg
2026-07-02 16:52:51 - [SpawnPoolWorker-2:MainThread] - INFO - main:40 - ▶️ Starting pipeline for: Smart_tractors_crop_growth_senso…_202607021616.jpg
2026-07-02 16:52:51 - [SpawnPoolWorker-2:MainThread] - INFO - vtracer_wrapper:14 - Initiating VTracer vectorization engine...
2026-07-02 16:52:51 - [SpawnPoolWorker-7:MainThread] - INFO - main:70 - ✅ Successfully completed: Smart_lighting_atmosphere_contro…_202607021627.jpg
2026-07-02 16:52:51 - [SpawnPoolWorker-7:MainThread] - INFO - main:40 - ▶️ Starting pipeline for: Smart_tractors_crop_growth_senso…_202607021622.jpg
2026-07-02 16:52:51 - [SpawnPoolWorker-7:MainThread] - INFO - vtracer_wrapper:14 - Initiating VTracer vectorization engine...
2026-07-02 16:52:52 - [SpawnPoolWorker-10:MainThread] - INFO - main:70 - ✅ Successfully completed: Smart_home_security_icons_202607021627.jpg
2026-07-02 16:52:52 - [SpawnPoolWorker-10:MainThread] - INFO - main:40 - ▶️ Starting pipeline for: Social_media_analytics_icons_202607021627.jpg
2026-07-02 16:52:52 - [SpawnPoolWorker-10:MainThread] - INFO - vtracer_wrapper:14 - Initiating VTracer vectorization engine...
2026-07-02 16:52:52 - [SpawnPoolWorker-9:MainThread] - INFO - main:70 - ✅ Successfully completed: Smart_Home_Energy_Icons_202607021625.jpg
2026-07-02 16:52:52 - [SpawnPoolWorker-9:MainThread] - INFO - main:40 - ▶️ Starting pipeline for: Speech_bubbles_globe_translators…_202607021626.jpg
2026-07-02 16:52:52 - [SpawnPoolWorker-9:MainThread] - INFO - vtracer_wrapper:14 - Initiating VTracer vectorization engine...
2026-07-02 16:52:52 - [SpawnPoolWorker-2:MainThread] - INFO - main:70 - ✅ Successfully completed: Smart_tractors_crop_growth_senso…_202607021616.jpg
2026-07-02 16:52:52 - [SpawnPoolWorker-2:MainThread] - INFO - main:40 - ▶️ Starting pipeline for: STEM_icons_atoms_robotic_arms_202607021626.jpg
2026-07-02 16:52:52 - [SpawnPoolWorker-2:MainThread] - INFO - vtracer_wrapper:14 - Initiating VTracer vectorization engine...
2026-07-02 16:52:52 - [SpawnPoolWorker-7:MainThread] - INFO - main:70 - ✅ Successfully completed: Smart_tractors_crop_growth_senso…_202607021622.jpg
2026-07-02 16:52:52 - [SpawnPoolWorker-7:MainThread] - INFO - main:40 - ▶️ Starting pipeline for: Stethoscopes_medical_crosses_vir…_202607021624.jpg
2026-07-02 16:52:52 - [SpawnPoolWorker-7:MainThread] - INFO - vtracer_wrapper:14 - Initiating VTracer vectorization engine...
2026-07-02 16:52:53 - [SpawnPoolWorker-2:MainThread] - INFO - main:70 - ✅ Successfully completed: STEM_icons_atoms_robotic_arms_202607021626.jpg
2026-07-02 16:52:53 - [SpawnPoolWorker-2:MainThread] - INFO - main:40 - ▶️ Starting pipeline for: Stethoscopes_medical_crosses_vir…_2K_202607021616.jpg
2026-07-02 16:52:53 - [SpawnPoolWorker-10:MainThread] - INFO - main:70 - ✅ Successfully completed: Social_media_analytics_icons_202607021627.jpg
2026-07-02 16:52:53 - [SpawnPoolWorker-10:MainThread] - INFO - main:40 - ▶️ Starting pipeline for: Strategic_affiliate_referral_icons_202607021627.jpg
2026-07-02 16:52:53 - [SpawnPoolWorker-10:MainThread] - INFO - vtracer_wrapper:14 - Initiating VTracer vectorization engine...
2026-07-02 16:52:53 - [SpawnPoolWorker-2:MainThread] - INFO - vtracer_wrapper:14 - Initiating VTracer vectorization engine...
2026-07-02 16:52:53 - [SpawnPoolWorker-7:MainThread] - INFO - main:70 - ✅ Successfully completed: Stethoscopes_medical_crosses_vir…_202607021624.jpg
2026-07-02 16:52:53 - [SpawnPoolWorker-7:MainThread] - INFO - main:40 - ▶️ Starting pipeline for: Stylized_leaves_Monstera_fern_fr…_202607021625.jpg
2026-07-02 16:52:53 - [SpawnPoolWorker-7:MainThread] - INFO - vtracer_wrapper:14 - Initiating VTracer vectorization engine...
2026-07-02 16:52:53 - [SpawnPoolWorker-2:MainThread] - INFO - main:70 - ✅ Successfully completed: Stethoscopes_medical_crosses_vir…_2K_202607021616.jpg
2026-07-02 16:52:53 - [SpawnPoolWorker-2:MainThread] - INFO - main:40 - ▶️ Starting pipeline for: Surveying_tools_engineering_icons_202607021627.jpg
2026-07-02 16:52:53 - [SpawnPoolWorker-2:MainThread] - INFO - vtracer_wrapper:14 - Initiating VTracer vectorization engine...
2026-07-02 16:52:53 - [SpawnPoolWorker-9:MainThread] - INFO - main:70 - ✅ Successfully completed: Speech_bubbles_globe_translators…_202607021626.jpg
2026-07-02 16:52:53 - [SpawnPoolWorker-9:MainThread] - INFO - main:40 - ▶️ Starting pipeline for: Team_collaboration_startup_icons_202607021626.jpg
2026-07-02 16:52:54 - [SpawnPoolWorker-9:MainThread] - INFO - vtracer_wrapper:14 - Initiating VTracer vectorization engine...
2026-07-02 16:52:54 - [SpawnPoolWorker-10:MainThread] - INFO - main:70 - ✅ Successfully completed: Strategic_affiliate_referral_icons_202607021627.jpg
2026-07-02 16:52:54 - [SpawnPoolWorker-10:MainThread] - INFO - main:40 - ▶️ Starting pipeline for: Telehealth_icons_smartphone_virt…_202607021627.jpg
2026-07-02 16:52:54 - [SpawnPoolWorker-10:MainThread] - INFO - vtracer_wrapper:14 - Initiating VTracer vectorization engine...
2026-07-02 16:52:54 - [SpawnPoolWorker-15:MainThread] - INFO - main:40 - ▶️ Starting pipeline for: Terrazzo_abstract_geometric_back…_202607021626.jpg
2026-07-02 16:52:54 - [SpawnPoolWorker-15:MainThread] - INFO - vtracer_wrapper:14 - Initiating VTracer vectorization engine...
2026-07-02 16:52:54 - [SpawnPoolWorker-9:MainThread] - INFO - main:70 - ✅ Successfully completed: Team_collaboration_startup_icons_202607021626.jpg
2026-07-02 16:52:54 - [SpawnPoolWorker-9:MainThread] - INFO - main:40 - ▶️ Starting pipeline for: Travel_icons_airplanes_suitcases…_202607021625.jpg
2026-07-02 16:52:54 - [SpawnPoolWorker-17:MainThread] - INFO - main:40 - ▶️ Starting pipeline for: Test_tubes_microscopes_DNA_helices_202607021625.jpg
2026-07-02 16:52:54 - [SpawnPoolWorker-2:MainThread] - INFO - main:70 - ✅ Successfully completed: Surveying_tools_engineering_icons_202607021627.jpg
2026-07-02 16:52:54 - [SpawnPoolWorker-17:MainThread] - INFO - vtracer_wrapper:14 - Initiating VTracer vectorization engine...
2026-07-02 16:52:54 - [SpawnPoolWorker-9:MainThread] - INFO - vtracer_wrapper:14 - Initiating VTracer vectorization engine...
2026-07-02 16:52:54 - [SpawnPoolWorker-2:MainThread] - INFO - main:40 - ▶️ Starting pipeline for: UI_Components_Toggles_Checkboxes…_202607021625.jpg
2026-07-02 16:52:54 - [SpawnPoolWorker-2:MainThread] - INFO - vtracer_wrapper:14 - Initiating VTracer vectorization engine...
2026-07-02 16:52:54 - [SpawnPoolWorker-10:MainThread] - INFO - main:70 - ✅ Successfully completed: Telehealth_icons_smartphone_virt…_202607021627.jpg
2026-07-02 16:52:54 - [SpawnPoolWorker-10:MainThread] - INFO - main:40 - ▶️ Starting pipeline for: Video_marketing_content_streamin…_202607021627.jpg
2026-07-02 16:52:54 - [SpawnPoolWorker-16:MainThread] - INFO - main:40 - ▶️ Starting pipeline for: Warehouse_logistics_inventory_ma…_202607021626.jpg
2026-07-02 16:52:55 - [SpawnPoolWorker-10:MainThread] - INFO - vtracer_wrapper:14 - Initiating VTracer vectorization engine...
2026-07-02 16:52:55 - [SpawnPoolWorker-16:MainThread] - INFO - vtracer_wrapper:14 - Initiating VTracer vectorization engine...
2026-07-02 16:52:55 - [SpawnPoolWorker-9:MainThread] - INFO - main:70 - ✅ Successfully completed: Travel_icons_airplanes_suitcases…_202607021625.jpg
2026-07-02 16:52:55 - [SpawnPoolWorker-9:MainThread] - INFO - main:40 - ▶️ Starting pipeline for: Wellness_mental_health_illustrat…_202607021625.jpg
2026-07-02 16:52:55 - [SpawnPoolWorker-9:MainThread] - INFO - vtracer_wrapper:14 - Initiating VTracer vectorization engine...
2026-07-02 16:52:55 - [SpawnPoolWorker-10:MainThread] - INFO - main:70 - ✅ Successfully completed: Video_marketing_content_streamin…_202607021627.jpg
2026-07-02 16:52:56 - [SpawnPoolWorker-15:MainThread] - INFO - main:70 - ✅ Successfully completed: Terrazzo_abstract_geometric_back…_202607021626.jpg
2026-07-02 16:52:56 - [SpawnPoolWorker-18:MainThread] - ERROR - remove_text:16 - Failed to initialize EasyOCR: CUDA error: out of memory
CUDA kernel errors might be asynchronously reported at some other API call, so the stacktrace below might be incorrect.
For debugging consider passing CUDA_LAUNCH_BLOCKING=1
Compile with `TORCH_USE_CUDA_DSA` to enable device-side assertions.

2026-07-02 16:52:56 - [SpawnPoolWorker-2:MainThread] - INFO - main:70 - ✅ Successfully completed: UI_Components_Toggles_Checkboxes…_202607021625.jpg
2026-07-02 16:52:58 - [SpawnPoolWorker-16:MainThread] - INFO - main:70 - ✅ Successfully completed: Warehouse_logistics_inventory_ma…_202607021626.jpg
2026-07-02 16:52:58 - [SpawnPoolWorker-7:MainThread] - INFO - main:70 - ✅ Successfully completed: Stylized_leaves_Monstera_fern_fr…_202607021625.jpg
2026-07-02 16:53:03 - [SpawnPoolWorker-23:MainThread] - ERROR - remove_text:16 - Failed to initialize EasyOCR: CUDA error: out of memory
CUDA kernel errors might be asynchronously reported at some other API call, so the stacktrace below might be incorrect.
For debugging consider passing CUDA_LAUNCH_BLOCKING=1
Compile with `TORCH_USE_CUDA_DSA` to enable device-side assertions.

2026-07-03 12:56:50 - [MainProcess:MainThread] - INFO - main:113 - 🚀 Booting Vector Factory V2 Pipeline
2026-07-03 12:56:50 - [MainProcess:MainThread] - INFO - main:114 - ⚙️ Config: Workers=12, Colors=8, EPS Export=False
2026-07-03 12:56:50 - [MainProcess:MainThread] - INFO - filesystem:48 - Scanning for raster images in: C:\Users\admin\Downloads\titip\tracer\input
2026-07-03 12:56:50 - [MainProcess:MainThread] - INFO - filesystem:62 - Discovered 10 valid image(s) for vectorization.
2026-07-03 12:56:50 - [MainProcess:MainThread] - INFO - main:137 - ⚡ Scaling horizontally across 12 parallel workers.
2026-07-03 12:57:13 - [SpawnPoolWorker-11:MainThread] - INFO - main:40 - ▶️ Starting pipeline for: Abstract_3D_pie_chart_202607031217.jpg
2026-07-03 12:57:13 - [SpawnPoolWorker-10:MainThread] - INFO - main:40 - ▶️ Starting pipeline for: Avatars_connected_in_network_202607031217.jpg
2026-07-03 12:57:13 - [SpawnPoolWorker-2:MainThread] - INFO - main:40 - ▶️ Starting pipeline for: Abstract_human_brain_digital_nodes_202607031217.jpg
2026-07-03 12:57:13 - [SpawnPoolWorker-12:MainThread] - INFO - main:40 - ▶️ Starting pipeline for: Autonomous_delivery_truck_silhou…_202607031217.jpg
2026-07-03 12:57:13 - [SpawnPoolWorker-4:MainThread] - INFO - main:40 - ▶️ Starting pipeline for: 3D_printer_creating_industrial_part_202607031217.jpg
2026-07-03 12:57:13 - [SpawnPoolWorker-9:MainThread] - INFO - main:40 - ▶️ Starting pipeline for: 3D_printer_creating_object_202607031217.jpg
2026-07-03 12:57:13 - [SpawnPoolWorker-5:MainThread] - INFO - main:40 - ▶️ Starting pipeline for: Abstract_3D_isometric_pie_chart_202607031217.jpg
2026-07-03 12:57:13 - [SpawnPoolWorker-7:MainThread] - INFO - main:40 - ▶️ Starting pipeline for: 5G_tower_casting_signal_waves_202607031218.jpg
2026-07-03 12:57:13 - [SpawnPoolWorker-1:MainThread] - INFO - main:40 - ▶️ Starting pipeline for: Autonomous_delivery_drone_carryi…_202607031218.jpg
2026-07-03 12:57:14 - [SpawnPoolWorker-4:MainThread] - INFO - vtracer_wrapper:14 - Initiating VTracer vectorization engine...
2026-07-03 12:57:14 - [SpawnPoolWorker-3:MainThread] - INFO - vtracer_wrapper:14 - Initiating VTracer vectorization engine...
2026-07-03 12:57:14 - [SpawnPoolWorker-12:MainThread] - INFO - vtracer_wrapper:14 - Initiating VTracer vectorization engine...
2026-07-03 12:57:14 - [SpawnPoolWorker-11:MainThread] - INFO - vtracer_wrapper:14 - Initiating VTracer vectorization engine...
2026-07-03 12:57:14 - [SpawnPoolWorker-5:MainThread] - INFO - vtracer_wrapper:14 - Initiating VTracer vectorization engine...
2026-07-03 12:57:14 - [SpawnPoolWorker-10:MainThread] - INFO - vtracer_wrapper:14 - Initiating VTracer vectorization engine...
2026-07-03 12:57:14 - [SpawnPoolWorker-2:MainThread] - INFO - vtracer_wrapper:14 - Initiating VTracer vectorization engine...
2026-07-03 12:57:14 - [SpawnPoolWorker-9:MainThread] - INFO - vtracer_wrapper:14 - Initiating VTracer vectorization engine...
2026-07-03 12:57:14 - [SpawnPoolWorker-1:MainThread] - INFO - vtracer_wrapper:14 - Initiating VTracer vectorization engine...
2026-07-03 12:57:14 - [SpawnPoolWorker-7:MainThread] - INFO - vtracer_wrapper:14 - Initiating VTracer vectorization engine...
2026-07-03 12:57:14 - [SpawnPoolWorker-12:MainThread] - INFO - main:70 - ✅ Successfully completed: Autonomous_delivery_truck_silhou…_202607031217.jpg
2026-07-03 12:57:14 - [SpawnPoolWorker-11:MainThread] - INFO - main:70 - ✅ Successfully completed: Abstract_3D_pie_chart_202607031217.jpg
2026-07-03 12:57:14 - [SpawnPoolWorker-3:MainThread] - INFO - main:70 - ✅ Successfully completed: Abstract_3D_line_graph_202607031217.jpg
2026-07-03 12:57:14 - [SpawnPoolWorker-1:MainThread] - INFO - main:70 - ✅ Successfully completed: Autonomous_delivery_drone_carryi…_202607031218.jpg
2026-07-03 12:57:14 - [SpawnPoolWorker-5:MainThread] - INFO - main:70 - ✅ Successfully completed: Abstract_3D_isometric_pie_chart_202607031217.jpg
2026-07-03 12:57:15 - [SpawnPoolWorker-2:MainThread] - INFO - main:70 - ✅ Successfully completed: Abstract_human_brain_digital_nodes_202607031217.jpg
2026-07-03 12:57:15 - [SpawnPoolWorker-10:MainThread] - INFO - main:70 - ✅ Successfully completed: Avatars_connected_in_network_202607031217.jpg
2026-07-03 12:57:16 - [SpawnPoolWorker-4:MainThread] - INFO - main:70 - ✅ Successfully completed: 3D_printer_creating_industrial_part_202607031217.jpg
2026-07-03 12:57:16 - [SpawnPoolWorker-7:MainThread] - INFO - main:70 - ✅ Successfully completed: 5G_tower_casting_signal_waves_202607031218.jpg
2026-07-03 12:57:16 - [SpawnPoolWorker-9:MainThread] - INFO - main:70 - ✅ Successfully completed: 3D_printer_creating_object_202607031217.jpg
2026-07-03 12:57:17 - [MainProcess:MainThread] - INFO - main:152 - 🏁 Vector Factory Session Complete!
2026-07-03 12:57:17 - [MainProcess:MainThread] - INFO - main:153 - 📊 Yield: 10/10 vectors generated successfully in 26.82 seconds.
2026-07-03 13:08:00 - [MainProcess:MainThread] - INFO - main:113 - 🚀 Booting Vector Factory V2 Pipeline
2026-07-03 13:08:00 - [MainProcess:MainThread] - INFO - main:114 - ⚙️ Config: Workers=12, Colors=8, EPS Export=False
2026-07-03 13:08:00 - [MainProcess:MainThread] - INFO - filesystem:48 - Scanning for raster images in: C:\Users\admin\Downloads\titip\tracer\input
2026-07-03 13:08:00 - [MainProcess:MainThread] - INFO - filesystem:62 - Discovered 20 valid image(s) for vectorization.
2026-07-03 13:08:00 - [MainProcess:MainThread] - INFO - main:137 - ⚡ Scaling horizontally across 12 parallel workers.
2026-07-03 13:08:12 - [SpawnPoolWorker-5:MainThread] - ERROR - remove_text:16 - Failed to initialize EasyOCR: CUDA error: out of memory
CUDA kernel errors might be asynchronously reported at some other API call, so the stacktrace below might be incorrect.
For debugging consider passing CUDA_LAUNCH_BLOCKING=1
Compile with `TORCH_USE_CUDA_DSA` to enable device-side assertions.

2026-07-03 13:08:14 - [SpawnPoolWorker-2:MainThread] - ERROR - remove_text:16 - Failed to initialize EasyOCR: CUDA error: CUDA-capable device(s) is/are busy or unavailable
CUDA kernel errors might be asynchronously reported at some other API call, so the stacktrace below might be incorrect.
For debugging consider passing CUDA_LAUNCH_BLOCKING=1
Compile with `TORCH_USE_CUDA_DSA` to enable device-side assertions.

2026-07-03 13:08:18 - [SpawnPoolWorker-5:MainThread] - INFO - main:40 - ▶️ Starting pipeline for: Abstract_3D_line_graph_202607031217.jpg
2026-07-03 13:08:18 - [SpawnPoolWorker-2:MainThread] - INFO - main:40 - ▶️ Starting pipeline for: 3D_printer_creating_object_202607031217.jpg
2026-07-03 13:08:18 - [SpawnPoolWorker-8:MainThread] - INFO - main:40 - ▶️ Starting pipeline for: Abstract_3D_isometric_pie_chart_202607031217.jpg
2026-07-03 13:08:18 - [SpawnPoolWorker-3:MainThread] - INFO - main:40 - ▶️ Starting pipeline for: 3D_printer_creating_industrial_part_202607031217.jpg
2026-07-03 13:08:18 - [SpawnPoolWorker-4:MainThread] - INFO - main:40 - ▶️ Starting pipeline for: Abstract_3D_pie_chart_202607031217.jpg
607031218.jpg
2026-07-03 13:08:18 - [SpawnPoolWorker-7:MainThread] - INFO - main:40 - ▶️ Starting pipeline for: Abstract_human_brain_digital_nodes_202607031217.jpg
2026-07-03 13:08:18 - [SpawnPoolWorker-9:MainThread] - INFO - main:40 - ▶️ Starting pipeline for: 5G_tower_casting_signal_waves_202607031218.jpg
2026-07-03 13:08:18 - [SpawnPoolWorker-9:MainThread] - INFO - vtracer_wrapper:14 - Initiating VTracer vectorization engine...
2026-07-03 13:08:18 - [SpawnPoolWorker-3:MainThread] - INFO - vtracer_wrapper:14 - Initiating VTracer vectorization engine...
2026-07-03 13:08:18 - [SpawnPoolWorker-12:MainThread] - INFO - vtracer_wrapper:14 - Initiating VTracer vectorization engine...
2026-07-03 13:08:18 - [SpawnPoolWorker-5:MainThread] - INFO - vtracer_wrapper:14 - Initiating VTracer vectorization engine...
2026-07-03 13:08:18 - [SpawnPoolWorker-2:MainThread] - INFO - vtracer_wrapper:14 - Initiating VTracer vectorization engine...
2026-07-03 13:08:18 - [SpawnPoolWorker-7:MainThread] - INFO - vtracer_wrapper:14 - Initiating VTracer vectorization engine...
2026-07-03 13:08:18 - [SpawnPoolWorker-4:MainThread] - INFO - vtracer_wrapper:14 - Initiating VTracer vectorization engine...
2026-07-03 13:08:18 - [SpawnPoolWorker-8:MainThread] - INFO - vtracer_wrapper:14 - Initiating VTracer vectorization engine...
2026-07-03 13:08:19 - [SpawnPoolWorker-8:MainThread] - INFO - main:70 - ✅ Successfully completed: Abstract_3D_isometric_pie_chart_202607031217.jpg
2026-07-03 13:08:19 - [SpawnPoolWorker-12:MainThread] - INFO - main:70 - ✅ Successfully completed: Autonomous_delivery_drone_carryi…_202607031218.jpg
2026-07-03 13:08:19 - [SpawnPoolWorker-5:MainThread] - INFO - main:70 - ✅ Successfully completed: Abstract_3D_line_graph_202607031217.jpg
2026-07-03 13:08:19 - [SpawnPoolWorker-4:MainThread] - INFO - main:70 - ✅ Successfully completed: Abstract_3D_pie_chart_202607031217.jpg
2026-07-03 13:08:19 - [SpawnPoolWorker-8:MainThread] - INFO - main:40 - ▶️ Starting pipeline for: Autonomous_delivery_truck_silhou…_202607031217.jpg
2026-07-03 13:08:19 - [SpawnPoolWorker-5:MainThread] - INFO - main:40 - ▶️ Starting pipeline for: Avatars_connected_in_network_202607031218.jpg
2026-07-03 13:08:19 - [SpawnPoolWorker-12:MainThread] - INFO - main:40 - ▶️ Starting pipeline for: Avatars_connected_in_network_202607031217.jpg
2026-07-03 13:08:19 - [SpawnPoolWorker-4:MainThread] - INFO - main:40 - ▶️ Starting pipeline for: Bar_chart_showing_business_growth_202607031217.jpg
2026-07-03 13:08:19 - [SpawnPoolWorker-4:MainThread] - INFO - vtracer_wrapper:14 - Initiating VTracer vectorization engine...
2026-07-03 13:08:19 - [SpawnPoolWorker-12:MainThread] - INFO - vtracer_wrapper:14 - Initiating VTracer vectorization engine...
2026-07-03 13:08:19 - [SpawnPoolWorker-5:MainThread] - INFO - vtracer_wrapper:14 - Initiating VTracer vectorization engine...
2026-07-03 13:08:19 - [SpawnPoolWorker-8:MainThread] - INFO - vtracer_wrapper:14 - Initiating VTracer vectorization engine...
2026-07-03 13:08:19 - [SpawnPoolWorker-7:MainThread] - INFO - main:70 - ✅ Successfully completed: Abstract_human_brain_digital_nodes_202607031217.jpg
2026-07-03 13:08:19 - [SpawnPoolWorker-7:MainThread] - INFO - main:40 - ▶️ Starting pipeline for: Beaker_with_bubbling_fluid_202607031217.jpg
2026-07-03 13:08:19 - [SpawnPoolWorker-7:MainThread] - INFO - vtracer_wrapper:14 - Initiating VTracer vectorization engine...
2026-07-03 13:08:20 - [SpawnPoolWorker-8:MainThread] - INFO - main:70 - ✅ Successfully completed: Autonomous_delivery_truck_silhou…_202607031217.jpg
2026-07-03 13:08:20 - [SpawnPoolWorker-8:MainThread] - INFO - main:40 - ▶️ Starting pipeline for: Blockchain_network_digital_data_…_202607031218.jpg
2026-07-03 13:08:20 - [SpawnPoolWorker-4:MainThread] - INFO - main:70 - ✅ Successfully completed: Bar_chart_showing_business_growth_202607031217.jpg
2026-07-03 13:08:20 - [SpawnPoolWorker-4:MainThread] - INFO - main:40 - ▶️ Starting pipeline for: Blockchain_network_icon_intercon…_202607031218.jpg
2026-07-03 13:08:20 - [SpawnPoolWorker-8:MainThread] - INFO - vtracer_wrapper:14 - Initiating VTracer vectorization engine...
2026-07-03 13:08:20 - [SpawnPoolWorker-4:MainThread] - INFO - vtracer_wrapper:14 - Initiating VTracer vectorization engine...
2026-07-03 13:08:20 - [SpawnPoolWorker-3:MainThread] - INFO - main:70 - ✅ Successfully completed: 3D_printer_creating_industrial_part_202607031217.jpg
2026-07-03 13:08:20 - [SpawnPoolWorker-3:MainThread] - INFO - main:40 - ▶️ Starting pipeline for: Blockchain_network_interconnecte…_202607031217.jpg
2026-07-03 13:08:20 - [SpawnPoolWorker-3:MainThread] - INFO - vtracer_wrapper:14 - Initiating VTracer vectorization engine...
2026-07-03 13:08:20 - [SpawnPoolWorker-7:MainThread] - INFO - main:70 - ✅ Successfully completed: Beaker_with_bubbling_fluid_202607031217.jpg
2026-07-03 13:08:20 - [SpawnPoolWorker-7:MainThread] - INFO - main:40 - ▶️ Starting pipeline for: Brain_silhouette_with_circuit_pa…_202607031217.jpg
2026-07-03 13:08:20 - [SpawnPoolWorker-7:MainThread] - INFO - vtracer_wrapper:14 - Initiating VTracer vectorization engine...
2026-07-03 13:08:21 - [SpawnPoolWorker-5:MainThread] - INFO - main:70 - ✅ Successfully completed: Avatars_connected_in_network_202607031218.jpg
2026-07-03 13:08:21 - [SpawnPoolWorker-5:MainThread] - INFO - main:40 - ▶️ Starting pipeline for: Brain_silhouette_with_digital_pa…_202607031217.jpg
2026-07-03 13:08:21 - [SpawnPoolWorker-4:MainThread] - INFO - main:70 - ✅ Successfully completed: Blockchain_network_icon_intercon…_202607031218.jpg
2026-07-03 13:08:21 - [SpawnPoolWorker-5:MainThread] - INFO - vtracer_wrapper:14 - Initiating VTracer vectorization engine...
2026-07-03 13:08:21 - [SpawnPoolWorker-4:MainThread] - INFO - main:40 - ▶️ Starting pipeline for: Brain_silhouette_with_gear_202607031217.jpg
2026-07-03 13:08:21 - [SpawnPoolWorker-4:MainThread] - INFO - vtracer_wrapper:14 - Initiating VTracer vectorization engine...
2026-07-03 13:08:21 - [SpawnPoolWorker-12:MainThread] - INFO - main:70 - ✅ Successfully completed: Avatars_connected_in_network_202607031217.jpg
2026-07-03 13:08:21 - [SpawnPoolWorker-12:MainThread] - INFO - main:40 - ▶️ Starting pipeline for: Business_dashboard_UI_elements_202607031217.jpg
2026-07-03 13:08:21 - [SpawnPoolWorker-12:MainThread] - INFO - vtracer_wrapper:14 - Initiating VTracer vectorization engine...
2026-07-03 13:08:21 - [SpawnPoolWorker-9:MainThread] - INFO - main:70 - ✅ Successfully completed: 5G_tower_casting_signal_waves_202607031218.jpg
2026-07-03 13:08:21 - [SpawnPoolWorker-4:MainThread] - INFO - main:70 - ✅ Successfully completed: Brain_silhouette_with_gear_202607031217.jpg
2026-07-03 13:08:22 - [SpawnPoolWorker-2:MainThread] - INFO - main:70 - ✅ Successfully completed: 3D_printer_creating_object_202607031217.jpg
2026-07-03 13:08:22 - [SpawnPoolWorker-12:MainThread] - INFO - main:70 - ✅ Successfully completed: Business_dashboard_UI_elements_202607031217.jpg
2026-07-03 13:08:22 - [SpawnPoolWorker-5:MainThread] - INFO - main:70 - ✅ Successfully completed: Brain_silhouette_with_digital_pa…_202607031217.jpg
2026-07-03 13:08:22 - [SpawnPoolWorker-3:MainThread] - INFO - main:70 - ✅ Successfully completed: Blockchain_network_interconnecte…_202607031217.jpg
2026-07-03 13:08:22 - [SpawnPoolWorker-7:MainThread] - INFO - main:70 - ✅ Successfully completed: Brain_silhouette_with_circuit_pa…_202607031217.jpg
2026-07-03 13:08:29 - [SpawnPoolWorker-8:MainThread] - INFO - main:70 - ✅ Successfully completed: Blockchain_network_digital_data_…_202607031218.jpg
2026-07-03 13:08:29 - [MainProcess:MainThread] - INFO - main:152 - 🏁 Vector Factory Session Complete!
2026-07-03 13:08:29 - [MainProcess:MainThread] - INFO - main:153 - 📊 Yield: 20/20 vectors generated successfully in 28.83 seconds.
2026-07-03 13:11:13 - [MainProcess:MainThread] - INFO - main:113 - 🚀 Booting Vector Factory V2 Pipeline
2026-07-03 13:11:13 - [MainProcess:MainThread] - INFO - main:114 - ⚙️ Config: Workers=12, Colors=8, EPS Export=False
2026-07-03 13:11:13 - [MainProcess:MainThread] - INFO - filesystem:48 - Scanning for raster images in: C:\Users\admin\Downloads\titip\tracer\input
2026-07-03 13:11:13 - [MainProcess:MainThread] - INFO - filesystem:62 - Discovered 20 valid image(s) for vectorization.
2026-07-03 13:11:13 - [MainProcess:MainThread] - INFO - main:137 - ⚡ Scaling horizontally across 12 parallel workers.
2026-07-03 13:11:22 - [SpawnPoolWorker-2:MainThread] - ERROR - remove_text:16 - Failed to initialize EasyOCR: CUDA error: CUDA-capable device(s) is/are busy or unavailable
CUDA kernel errors might be asynchronously reported at some other API call, so the stacktrace below might be incorrect.
For debugging consider passing CUDA_LAUNCH_BLOCKING=1
Compile with `TORCH_USE_CUDA_DSA` to enable device-side assertions.

2026-07-03 13:11:25 - [SpawnPoolWorker-2:MainThread] - INFO - main:40 - ▶️ Starting pipeline for: Business_flowchart_with_six_stages_202607031217.jpg
2026-07-03 13:11:25 - [SpawnPoolWorker-2:MainThread] - INFO - vtracer_wrapper:14 - Initiating VTracer vectorization engine...
2026-07-03 13:11:25 - [SpawnPoolWorker-5:MainThread] - INFO - main:40 - ▶️ Starting pipeline for: Business_growth_bar_chart_analytics_202607031218.jpg
2026-07-03 13:11:25 - [SpawnPoolWorker-9:MainThread] - INFO - main:40 - ▶️ Starting pipeline for: Capsule_dissolving_into_nodes_202607031217.jpg
2026-07-03 13:11:25 - [SpawnPoolWorker-5:MainThread] - INFO - vtracer_wrapper:14 - Initiating VTracer vectorization engine...
2026-07-03 13:11:25 - [SpawnPoolWorker-9:MainThread] - INFO - vtracer_wrapper:14 - Initiating VTracer vectorization engine...
2026-07-03 13:11:25 - [SpawnPoolWorker-3:MainThread] - INFO - main:40 - ▶️ Starting pipeline for: Cardboard_box_with_leaf_symbol_202607031218.jpg
2026-07-03 13:11:25 - [SpawnPoolWorker-8:MainThread] - INFO - main:40 - ▶️ Starting pipeline for: Cardboard_box_with_recycle_symbol_202607031218.jpg
2026-07-03 13:11:25 - [SpawnPoolWorker-8:MainThread] - INFO - vtracer_wrapper:14 - Initiating VTracer vectorization engine...
2026-07-03 13:11:25 - [SpawnPoolWorker-3:MainThread] - INFO - vtracer_wrapper:14 - Initiating VTracer vectorization engine...
2026-07-03 13:11:26 - [SpawnPoolWorker-12:MainThread] - INFO - main:40 - ▶️ Starting pipeline for: Circuit_board_microchip_computin…_202607031218.jpg
2026-07-03 13:11:26 - [SpawnPoolWorker-11:MainThread] - INFO - vtracer_wrapper:14 - Initiating VTracer vectorization engine...
2026-07-03 13:11:26 - [SpawnPoolWorker-12:MainThread] - INFO - vtracer_wrapper:14 - Initiating VTracer vectorization engine...
2026-07-03 13:11:26 - [SpawnPoolWorker-2:MainThread] - INFO - main:70 - ✅ Successfully completed: Business_flowchart_with_six_stages_202607031217.jpg
2026-07-03 13:11:26 - [SpawnPoolWorker-2:MainThread] - INFO - main:40 - ▶️ Starting pipeline for: Circular_infographic_flow_chart_202607031217.jpg
2026-07-03 13:11:26 - [SpawnPoolWorker-8:MainThread] - INFO - main:70 - ✅ Successfully completed: Cardboard_box_with_recycle_symbol_202607031218.jpg
2026-07-03 13:11:26 - [SpawnPoolWorker-8:MainThread] - INFO - main:40 - ▶️ Starting pipeline for: Circular_infographic_flow_chart_…_202607031217.jpg
2026-07-03 13:11:26 - [SpawnPoolWorker-2:MainThread] - INFO - vtracer_wrapper:14 - Initiating VTracer vectorization engine...
2026-07-03 13:11:26 - [SpawnPoolWorker-8:MainThread] - INFO - vtracer_wrapper:14 - Initiating VTracer vectorization engine...
2026-07-03 13:11:26 - [SpawnPoolWorker-3:MainThread] - INFO - main:70 - ✅ Successfully completed: Cardboard_box_with_leaf_symbol_202607031218.jpg
2026-07-03 13:11:26 - [SpawnPoolWorker-3:MainThread] - INFO - main:40 - ▶️ Starting pipeline for: Cloud_computing_network_with_icons_202607031217.jpg
2026-07-03 13:11:26 - [SpawnPoolWorker-11:MainThread] - INFO - main:70 - ✅ Successfully completed: Circular_economy_recycling_loop_…_202607031217.jpg
2026-07-03 13:11:26 - [SpawnPoolWorker-11:MainThread] - INFO - main:40 - ▶️ Starting pipeline for: Cloud_computing_server_network_i…_202607031217.jpg
2026-07-03 13:11:26 - [SpawnPoolWorker-3:MainThread] - INFO - vtracer_wrapper:14 - Initiating VTracer vectorization engine...
2026-07-03 13:11:26 - [SpawnPoolWorker-11:MainThread] - INFO - vtracer_wrapper:14 - Initiating VTracer vectorization engine...
2026-07-03 13:11:27 - [SpawnPoolWorker-9:MainThread] - INFO - main:70 - ✅ Successfully completed: Capsule_dissolving_into_nodes_202607031217.jpg
2026-07-03 13:11:27 - [SpawnPoolWorker-9:MainThread] - INFO - main:40 - ▶️ Starting pipeline for: Cloud_storage_icon_data_upload_202607031217.jpg
2026-07-03 13:11:27 - [SpawnPoolWorker-9:MainThread] - INFO - vtracer_wrapper:14 - Initiating VTracer vectorization engine...
2026-07-03 13:11:27 - [SpawnPoolWorker-2:MainThread] - INFO - main:70 - ✅ Successfully completed: Circular_infographic_flow_chart_202607031217.jpg
2026-07-03 13:11:27 - [SpawnPoolWorker-2:MainThread] - INFO - main:40 - ▶️ Starting pipeline for: Cloud_storage_icon_with_folder_202607031217.jpg
2026-07-03 13:11:27 - [SpawnPoolWorker-2:MainThread] - INFO - vtracer_wrapper:14 - Initiating VTracer vectorization engine...
2026-07-03 13:11:27 - [SpawnPoolWorker-3:MainThread] - INFO - main:70 - ✅ Successfully completed: Cloud_computing_network_with_icons_202607031217.jpg
2026-07-03 13:11:27 - [SpawnPoolWorker-3:MainThread] - INFO - main:40 - ▶️ Starting pipeline for: Cloud_storage_server_icon_upload_202607031217.jpg
2026-07-03 13:11:27 - [SpawnPoolWorker-3:MainThread] - INFO - vtracer_wrapper:14 - Initiating VTracer vectorization engine...
2026-07-03 13:11:27 - [SpawnPoolWorker-5:MainThread] - INFO - main:70 - ✅ Successfully completed: Business_growth_bar_chart_analytics_202607031218.jpg
2026-07-03 13:11:27 - [SpawnPoolWorker-5:MainThread] - INFO - main:40 - ▶️ Starting pipeline for: Cocktail_glass_with_lime_202607031217.jpg
2026-07-03 13:11:27 - [SpawnPoolWorker-5:MainThread] - INFO - vtracer_wrapper:14 - Initiating VTracer vectorization engine...
2026-07-03 13:11:28 - [SpawnPoolWorker-9:MainThread] - INFO - main:70 - ✅ Successfully completed: Cloud_storage_icon_data_upload_202607031217.jpg
2026-07-03 13:11:28 - [SpawnPoolWorker-9:MainThread] - INFO - main:40 - ▶️ Starting pipeline for: Cybersecurity_shield_digital_pad…_202607031218.jpg
2026-07-03 13:11:28 - [SpawnPoolWorker-9:MainThread] - INFO - vtracer_wrapper:14 - Initiating VTracer vectorization engine...
2026-07-03 13:11:28 - [SpawnPoolWorker-2:MainThread] - INFO - main:70 - ✅ Successfully completed: Cloud_storage_icon_with_folder_202607031217.jpg
2026-07-03 13:11:28 - [SpawnPoolWorker-2:MainThread] - INFO - main:40 - ▶️ Starting pipeline for: Cybersecurity_shield_icon_digita…_202607031217.jpg
2026-07-03 13:11:28 - [SpawnPoolWorker-2:MainThread] - INFO - vtracer_wrapper:14 - Initiating VTracer vectorization engine...
2026-07-03 13:11:28 - [SpawnPoolWorker-3:MainThread] - INFO - main:70 - ✅ Successfully completed: Cloud_storage_server_icon_upload_202607031217.jpg
2026-07-03 13:11:28 - [SpawnPoolWorker-3:MainThread] - INFO - main:40 - ▶️ Starting pipeline for: DNA_double_helix_biotechnology_r…_202607031217.jpg
2026-07-03 13:11:28 - [SpawnPoolWorker-3:MainThread] - INFO - vtracer_wrapper:14 - Initiating VTracer vectorization engine...
2026-07-03 13:11:28 - [SpawnPoolWorker-5:MainThread] - INFO - main:70 - ✅ Successfully completed: Cocktail_glass_with_lime_202607031217.jpg
2026-07-03 13:11:28 - [SpawnPoolWorker-5:MainThread] - INFO - main:40 - ▶️ Starting pipeline for: DNA_double_helix_biotechnology_r…_202607031217_2.jpg
2026-07-03 13:11:28 - [SpawnPoolWorker-5:MainThread] - INFO - vtracer_wrapper:14 - Initiating VTracer vectorization engine...
2026-07-03 13:11:28 - [SpawnPoolWorker-11:MainThread] - INFO - main:70 - ✅ Successfully completed: Cloud_computing_server_network_i…_202607031217.jpg
2026-07-03 13:11:28 - [SpawnPoolWorker-11:MainThread] - INFO - main:40 - ▶️ Starting pipeline for: DNA_double_helix_biotechnology_r…_202607031218.jpg
2026-07-03 13:11:28 - [SpawnPoolWorker-9:MainThread] - INFO - main:70 - ✅ Successfully completed: Cybersecurity_shield_digital_pad…_202607031218.jpg
2026-07-03 13:11:28 - [SpawnPoolWorker-11:MainThread] - INFO - vtracer_wrapper:14 - Initiating VTracer vectorization engine...
2026-07-03 13:11:28 - [SpawnPoolWorker-8:MainThread] - INFO - main:70 - ✅ Successfully completed: Circular_infographic_flow_chart_…_202607031217.jpg
2026-07-03 13:11:29 - [SpawnPoolWorker-2:MainThread] - INFO - main:70 - ✅ Successfully completed: Cybersecurity_shield_icon_digita…_202607031217.jpg
2026-07-03 13:11:29 - [SpawnPoolWorker-5:MainThread] - INFO - main:70 - ✅ Successfully completed: DNA_double_helix_biotechnology_r…_202607031217_2.jpg
2026-07-03 13:11:31 - [SpawnPoolWorker-11:MainThread] - INFO - main:70 - ✅ Successfully completed: DNA_double_helix_biotechnology_r…_202607031218.jpg
2026-07-03 13:11:34 - [SpawnPoolWorker-12:MainThread] - INFO - main:70 - ✅ Successfully completed: Circuit_board_microchip_computin…_202607031218.jpg
2026-07-03 13:11:34 - [SpawnPoolWorker-3:MainThread] - INFO - main:70 - ✅ Successfully completed: DNA_double_helix_biotechnology_r…_202607031217.jpg
2026-07-03 13:11:34 - [MainProcess:MainThread] - INFO - main:152 - 🏁 Vector Factory Session Complete!
2026-07-03 13:11:34 - [MainProcess:MainThread] - INFO - main:153 - 📊 Yield: 20/20 vectors generated successfully in 21.21 seconds.
2026-07-03 13:15:35 - [MainProcess:MainThread] - INFO - main:113 - 🚀 Booting Vector Factory V2 Pipeline
2026-07-03 13:15:35 - [MainProcess:MainThread] - INFO - main:114 - ⚙️ Config: Workers=12, Colors=8, EPS Export=False
2026-07-03 13:15:35 - [MainProcess:MainThread] - INFO - filesystem:48 - Scanning for raster images in: C:\Users\admin\Downloads\titip\tracer\input
2026-07-03 13:15:35 - [MainProcess:MainThread] - INFO - filesystem:62 - Discovered 30 valid image(s) for vectorization.
2026-07-03 13:15:35 - [MainProcess:MainThread] - INFO - main:137 - ⚡ Scaling horizontally across 12 parallel workers.
2026-07-03 13:15:52 - [SpawnPoolWorker-3:MainThread] - INFO - main:40 - ▶️ Starting pipeline for: Data_server_rack_glowing_lights_202607031217.jpg

2026-07-03 13:15:52 - [SpawnPoolWorker-12:MainThread] - INFO - main:40 - ▶️ Starting pipeline for: Delivery_crane_in_container_port_202607031217.jpg

2026-07-03 13:15:52 - [SpawnPoolWorker-11:MainThread] - INFO - main:40 - ▶️ Starting pipeline for: Digital_circuit_board_brain_silh…_202607031218.jpg
2026-07-03 13:15:52 - [SpawnPoolWorker-2:MainThread] - INFO - main:40 - ▶️ Starting pipeline for: DNA_double_helix_digital_circuit_202607031218.jpg
2026-07-03 13:15:52 - [SpawnPoolWorker-6:MainThread] - INFO - main:40 - ▶️ Starting pipeline for: Digital_padlock_with_circuit_pat…_202607031217.jpg
2026-07-03 13:15:52 - [SpawnPoolWorker-5:MainThread] - INFO - main:40 - ▶️ Starting pipeline for: Digital_biometric_eye_scan_security_202607031217.jpg
2026-07-03 13:15:52 - [SpawnPoolWorker-9:MainThread] - INFO - vtracer_wrapper:14 - Initiating VTracer vectorization engine...
2026-07-03 13:15:52 - [SpawnPoolWorker-6:MainThread] - INFO - vtracer_wrapper:14 - Initiating VTracer vectorization engine...
2026-07-03 13:15:52 - [SpawnPoolWorker-7:MainThread] - INFO - vtracer_wrapper:14 - Initiating VTracer vectorization engine...
2026-07-03 13:15:52 - [SpawnPoolWorker-1:MainThread] - INFO - vtracer_wrapper:14 - Initiating VTracer vectorization engine...
2026-07-03 13:15:52 - [SpawnPoolWorker-10:MainThread] - ERROR - main:74 - ❌ Pipeline failed for DNA_helix_dissolving_into_code_202607031217.jpg: <built-in function resize> returned a result with an exception set
2026-07-03 13:15:52 - [SpawnPoolWorker-3:MainThread] - INFO - vtracer_wrapper:14 - Initiating VTracer vectorization engine...
2026-07-03 13:15:52 - [SpawnPoolWorker-11:MainThread] - INFO - vtracer_wrapper:14 - Initiating VTracer vectorization engine...
2026-07-03 13:15:52 - [SpawnPoolWorker-2:MainThread] - ERROR - main:74 - ❌ Pipeline failed for DNA_double_helix_digital_circuit_202607031218.jpg: <built-in function resize> returned a result with an exception set
2026-07-03 13:15:52 - [SpawnPoolWorker-5:MainThread] - ERROR - main:74 - ❌ Pipeline failed for Digital_biometric_eye_scan_security_202607031217.jpg: <built-in function resize> returned a result with an exception set
2026-07-03 13:15:52 - [SpawnPoolWorker-4:MainThread] - ERROR - main:74 - ❌ Pipeline failed for Data_storage_server_with_fans_202607031217.jpg: <built-in function resize> returned a result with an exception set
2026-07-03 13:15:52 - [SpawnPoolWorker-12:MainThread] - INFO - vtracer_wrapper:14 - Initiating VTracer vectorization engine...
2026-07-03 13:15:52 - [SpawnPoolWorker-8:MainThread] - INFO - vtracer_wrapper:14 - Initiating VTracer vectorization engine...
2026-07-03 13:15:52 - [SpawnPoolWorker-5:MainThread] - INFO - main:40 - ▶️ Starting pipeline for: Electric_semi-truck_sustainable_…_202607031217.jpg
2026-07-03 13:15:52 - [SpawnPoolWorker-2:MainThread] - INFO - main:40 - ▶️ Starting pipeline for: Electric_battery_with_leaf_icon_202607031217.jpg
2026-07-03 13:15:52 - [SpawnPoolWorker-4:MainThread] - INFO - main:40 - ▶️ Starting pipeline for: Electric_van_driving_digital_road_202607031217.jpg
2026-07-03 13:15:52 - [SpawnPoolWorker-10:MainThread] - INFO - main:40 - ▶️ Starting pipeline for: Drone_battery_charging_indicator_202607031217.jpg
2026-07-03 13:15:52 - [SpawnPoolWorker-2:MainThread] - INFO - vtracer_wrapper:14 - Initiating VTracer vectorization engine...
2026-07-03 13:15:52 - [SpawnPoolWorker-5:MainThread] - INFO - vtracer_wrapper:14 - Initiating VTracer vectorization engine...
2026-07-03 13:15:52 - [SpawnPoolWorker-10:MainThread] - INFO - vtracer_wrapper:14 - Initiating VTracer vectorization engine...
2026-07-03 13:15:52 - [SpawnPoolWorker-4:MainThread] - INFO - vtracer_wrapper:14 - Initiating VTracer vectorization engine...
2026-07-03 13:16:14 - [SpawnPoolWorker-15:MainThread] - INFO - main:40 - ▶️ Starting pipeline for: Electric_vehicle_charging_statio…_202607031217.jpg
2026-07-03 13:16:14 - [SpawnPoolWorker-14:MainThread] - INFO - main:40 - ▶️ Starting pipeline for: Electric_vehicle_charging_station_202607031217.jpg
2026-07-03 13:16:14 - [SpawnPoolWorker-19:MainThread] - INFO - main:40 - ▶️ Starting pipeline for: Fiber_optic_cable_icon_light_202607031218.jpg
2026-07-03 13:16:14 - [SpawnPoolWorker-17:MainThread] - INFO - main:40 - ▶️ Starting pipeline for: Electric_vehicle_charging_station_202607031217_2.jpg
2026-07-03 13:16:14 - [SpawnPoolWorker-15:MainThread] - INFO - vtracer_wrapper:14 - Initiating VTracer vectorization engine...
2026-07-03 13:16:14 - [SpawnPoolWorker-19:MainThread] - INFO - vtracer_wrapper:14 - Initiating VTracer vectorization engine...
2026-07-03 13:16:14 - [SpawnPoolWorker-14:MainThread] - INFO - vtracer_wrapper:14 - Initiating VTracer vectorization engine...
2026-07-03 13:16:14 - [SpawnPoolWorker-18:MainThread] - INFO - vtracer_wrapper:14 - Initiating VTracer vectorization engine...
2026-07-03 13:16:14 - [SpawnPoolWorker-17:MainThread] - INFO - vtracer_wrapper:14 - Initiating VTracer vectorization engine...
2026-07-03 13:16:18 - [SpawnPoolWorker-18:MainThread] - INFO - main:70 - ✅ Successfully completed: Electric_vehicle_battery_green_leaf_202607031217.jpg
2026-07-03 13:16:18 - [SpawnPoolWorker-14:MainThread] - INFO - main:70 - ✅ Successfully completed: Electric_vehicle_charging_station_202607031217.jpg
2026-07-03 13:16:18 - [SpawnPoolWorker-19:MainThread] - INFO - main:70 - ✅ Successfully completed: Fiber_optic_cable_icon_light_202607031218.jpg
2026-07-03 13:16:18 - [SpawnPoolWorker-15:MainThread] - INFO - main:70 - ✅ Successfully completed: Electric_vehicle_charging_statio…_202607031217.jpg
2026-07-03 13:16:18 - [SpawnPoolWorker-19:MainThread] - INFO - main:40 - ▶️ Starting pipeline for: Four_interlocking_puzzle_pieces_202607031217.jpg
2026-07-03 13:16:18 - [SpawnPoolWorker-18:MainThread] - INFO - main:40 - ▶️ Starting pipeline for: Fiber_optic_network_connecting_n…_202607031217.jpg
2026-07-03 13:16:18 - [SpawnPoolWorker-14:MainThread] - INFO - main:40 - ▶️ Starting pipeline for: Forklift_with_recycle_symbol_202607031217.jpg
2026-07-03 13:16:18 - [SpawnPoolWorker-15:MainThread] - INFO - main:40 - ▶️ Starting pipeline for: Gantt_chart_for_project_management_202607031217.jpg
2026-07-03 13:16:18 - [SpawnPoolWorker-14:MainThread] - INFO - vtracer_wrapper:14 - Initiating VTracer vectorization engine...
2026-07-03 13:16:18 - [SpawnPoolWorker-18:MainThread] - INFO - vtracer_wrapper:14 - Initiating VTracer vectorization engine...
2026-07-03 13:16:18 - [SpawnPoolWorker-15:MainThread] - INFO - vtracer_wrapper:14 - Initiating VTracer vectorization engine...
2026-07-03 13:16:18 - [SpawnPoolWorker-19:MainThread] - INFO - vtracer_wrapper:14 - Initiating VTracer vectorization engine...
2026-07-03 13:16:18 - [SpawnPoolWorker-19:MainThread] - INFO - main:70 - ✅ Successfully completed: Four_interlocking_puzzle_pieces_202607031217.jpg
2026-07-03 13:16:18 - [SpawnPoolWorker-19:MainThread] - INFO - main:40 - ▶️ Starting pipeline for: Gear_system_with_data_bits_202607031218.jpg
2026-07-03 13:16:18 - [SpawnPoolWorker-19:MainThread] - INFO - vtracer_wrapper:14 - Initiating VTracer vectorization engine...
2026-07-03 13:16:18 - [SpawnPoolWorker-14:MainThread] - INFO - main:70 - ✅ Successfully completed: Forklift_with_recycle_symbol_202607031217.jpg
2026-07-03 13:16:18 - [SpawnPoolWorker-14:MainThread] - INFO - main:40 - ▶️ Starting pipeline for: Gear_system_with_data_bits_202607031218_2.jpg
2026-07-03 13:16:19 - [SpawnPoolWorker-14:MainThread] - INFO - vtracer_wrapper:14 - Initiating VTracer vectorization engine...
2026-07-03 13:16:19 - [SpawnPoolWorker-19:MainThread] - INFO - main:70 - ✅ Successfully completed: Gear_system_with_data_bits_202607031218.jpg
2026-07-03 13:16:19 - [SpawnPoolWorker-19:MainThread] - INFO - main:40 - ▶️ Starting pipeline for: Geometric_chess_knight_business_…_202607031217.jpg
2026-07-03 13:16:19 - [SpawnPoolWorker-19:MainThread] - INFO - vtracer_wrapper:14 - Initiating VTracer vectorization engine...
2026-07-03 13:16:19 - [SpawnPoolWorker-17:MainThread] - INFO - main:70 - ✅ Successfully completed: Electric_vehicle_charging_station_202607031217_2.jpg
2026-07-03 13:16:19 - [SpawnPoolWorker-17:MainThread] - INFO - main:40 - ▶️ Starting pipeline for: Geometric_chess_knight_business_…_202607031218.jpg
2026-07-03 13:16:19 - [SpawnPoolWorker-17:MainThread] - INFO - vtracer_wrapper:14 - Initiating VTracer vectorization engine...
2026-07-03 13:16:20 - [SpawnPoolWorker-19:MainThread] - INFO - main:70 - ✅ Successfully completed: Geometric_chess_knight_business_…_202607031217.jpg
2026-07-03 13:16:20 - [SpawnPoolWorker-19:MainThread] - INFO - main:40 - ▶️ Starting pipeline for: Geometric_chess_knight_piece_202607031217.jpg
2026-07-03 13:16:20 - [SpawnPoolWorker-19:MainThread] - INFO - vtracer_wrapper:14 - Initiating VTracer vectorization engine...
2026-07-03 13:16:20 - [SpawnPoolWorker-17:MainThread] - INFO - main:70 - ✅ Successfully completed: Geometric_chess_knight_business_…_202607031218.jpg
2026-07-03 13:16:21 - [SpawnPoolWorker-19:MainThread] - INFO - main:70 - ✅ Successfully completed: Geometric_chess_knight_piece_202607031217.jpg
2026-07-03 13:16:21 - [SpawnPoolWorker-14:MainThread] - INFO - main:70 - ✅ Successfully completed: Gear_system_with_data_bits_202607031218_2.jpg
2026-07-03 13:16:28 - [SpawnPoolWorker-15:MainThread] - INFO - main:70 - ✅ Successfully completed: Gantt_chart_for_project_management_202607031217.jpg
2026-07-03 13:16:28 - [SpawnPoolWorker-18:MainThread] - INFO - main:70 - ✅ Successfully completed: Fiber_optic_network_connecting_n…_202607031217.jpg
2026-07-03 13:16:35 - [SpawnPoolWorker-24:MainThread] - ERROR - remove_text:16 - Failed to initialize EasyOCR: CUDA error: out of memory
CUDA kernel errors might be asynchronously reported at some other API call, so the stacktrace below might be incorrect.
For debugging consider passing CUDA_LAUNCH_BLOCKING=1
Compile with `TORCH_USE_CUDA_DSA` to enable device-side assertions.

2026-07-03 13:16:35 - [SpawnPoolWorker-27:MainThread] - ERROR - remove_text:16 - Failed to initialize EasyOCR: CUDA error: CUDA-capable device(s) is/are busy or unavailable
CUDA kernel errors might be asynchronously reported at some other API call, so the stacktrace below might be incorrect.
For debugging consider passing CUDA_LAUNCH_BLOCKING=1
Compile with `TORCH_USE_CUDA_DSA` to enable device-side assertions.

2026-07-03 13:16:35 - [SpawnPoolWorker-25:MainThread] - ERROR - remove_text:16 - Failed to initialize EasyOCR: CUDA error: CUDA-capable device(s) is/are busy or unavailable
CUDA kernel errors might be asynchronously reported at some other API call, so the stacktrace below might be incorrect.
For debugging consider passing CUDA_LAUNCH_BLOCKING=1
Compile with `TORCH_USE_CUDA_DSA` to enable device-side assertions.

2026-07-03 13:16:35 - [SpawnPoolWorker-26:MainThread] - ERROR - remove_text:16 - Failed to initialize EasyOCR: CUDA error: out of memory
CUDA kernel errors might be asynchronously reported at some other API call, so the stacktrace below might be incorrect.
For debugging consider passing CUDA_LAUNCH_BLOCKING=1
Compile with `TORCH_USE_CUDA_DSA` to enable device-side assertions.

2026-07-03 13:29:25 - [MainProcess:MainThread] - INFO - main:113 - 🚀 Booting Vector Factory V2 Pipeline
2026-07-03 13:29:25 - [MainProcess:MainThread] - INFO - main:114 - ⚙️ Config: Workers=12, Colors=8, EPS Export=False
2026-07-03 13:29:25 - [MainProcess:MainThread] - INFO - filesystem:48 - Scanning for raster images in: C:\Users\admin\Downloads\titip\tracer\input
2026-07-03 13:29:25 - [MainProcess:MainThread] - INFO - filesystem:62 - Discovered 30 valid image(s) for vectorization.
2026-07-03 13:29:25 - [MainProcess:MainThread] - INFO - main:137 - ⚡ Scaling horizontally across 12 parallel workers.
2026-07-03 13:29:26 - [SpawnPoolWorker-5:MainThread] - INFO - main:40 - ▶️ Starting pipeline for: Data_server_rack_glowing_lights_202607031217.jpg
2026-07-03 13:29:26 - [SpawnPoolWorker-1:MainThread] - INFO - main:40 - ▶️ Starting pipeline for: Data_storage_server_with_fans_202607031217.jpg
2026-07-03 13:29:26 - [SpawnPoolWorker-2:MainThread] - INFO - main:40 - ▶️ Starting pipeline for: Delivery_crane_in_container_port_202607031217.jpg
2026-07-03 13:29:26 - [SpawnPoolWorker-8:MainThread] - INFO - main:40 - ▶️ Starting pipeline for: Delivery_drone_carrying_package_202607031217.jpg
2026-07-03 13:29:26 - [SpawnPoolWorker-5:MainThread] - INFO - vtracer_wrapper:14 - Initiating VTracer vectorization engine...
2026-07-03 13:29:26 - [SpawnPoolWorker-4:MainThread] - INFO - main:40 - ▶️ Starting pipeline for: Digital_biometric_eye_scan_security_202607031217.jpg
2026-07-03 13:29:26 - [SpawnPoolWorker-1:MainThread] - INFO - vtracer_wrapper:14 - Initiating VTracer vectorization engine...
2026-07-03 13:29:26 - [SpawnPoolWorker-2:MainThread] - INFO - vtracer_wrapper:14 - Initiating VTracer vectorization engine...
2026-07-03 13:29:26 - [SpawnPoolWorker-3:MainThread] - INFO - main:40 - ▶️ Starting pipeline for: Digital_circuit_board_brain_silh…_202607031218.jpg
2026-07-03 13:29:26 - [SpawnPoolWorker-12:MainThread] - INFO - main:40 - ▶️ Starting pipeline for: Digital_fingerprint_scan_cyberse…_202607031217.jpg
2026-07-03 13:29:26 - [SpawnPoolWorker-9:MainThread] - INFO - main:40 - ▶️ Starting pipeline for: Digital_padlock_with_circuit_pat…_202607031217.jpg
2026-07-03 13:29:27 - [SpawnPoolWorker-3:MainThread] - INFO - vtracer_wrapper:14 - Initiating VTracer vectorization engine...
2026-07-03 13:29:26 - [SpawnPoolWorker-8:MainThread] - INFO - vtracer_wrapper:14 - Initiating VTracer vectorization engine...
2026-07-03 13:29:26 - [SpawnPoolWorker-4:MainThread] - INFO - vtracer_wrapper:14 - Initiating VTracer vectorization engine...
2026-07-03 13:29:27 - [SpawnPoolWorker-12:MainThread] - INFO - vtracer_wrapper:14 - Initiating VTracer vectorization engine...
2026-07-03 13:29:27 - [SpawnPoolWorker-10:MainThread] - INFO - main:40 - ▶️ Starting pipeline for: Digital_twin_concept_illustration_202607031217.jpg
2026-07-03 13:29:27 - [SpawnPoolWorker-11:MainThread] - INFO - main:40 - ▶️ Starting pipeline for: DNA_double_helix_digital_circuit_202607031218.jpg
2026-07-03 13:29:27 - [SpawnPoolWorker-9:MainThread] - INFO - vtracer_wrapper:14 - Initiating VTracer vectorization engine...
2026-07-03 13:29:27 - [SpawnPoolWorker-6:MainThread] - INFO - main:40 - ▶️ Starting pipeline for: DNA_double_helix_molecular_nodes_202607031217.jpg
2026-07-03 13:29:27 - [SpawnPoolWorker-7:MainThread] - INFO - main:40 - ▶️ Starting pipeline for: DNA_helix_dissolving_into_code_202607031217.jpg
2026-07-03 13:29:27 - [SpawnPoolWorker-10:MainThread] - INFO - vtracer_wrapper:14 - Initiating VTracer vectorization engine...
2026-07-03 13:29:27 - [SpawnPoolWorker-11:MainThread] - INFO - vtracer_wrapper:14 - Initiating VTracer vectorization engine...
2026-07-03 13:29:27 - [SpawnPoolWorker-6:MainThread] - INFO - vtracer_wrapper:14 - Initiating VTracer vectorization engine...
2026-07-03 13:29:27 - [SpawnPoolWorker-7:MainThread] - INFO - vtracer_wrapper:14 - Initiating VTracer vectorization engine...
2026-07-03 13:29:27 - [SpawnPoolWorker-8:MainThread] - INFO - main:70 - ✅ Successfully completed: Delivery_drone_carrying_package_202607031217.jpg
2026-07-03 13:29:27 - [SpawnPoolWorker-8:MainThread] - INFO - main:40 - ▶️ Starting pipeline for: Drone_battery_charging_indicator_202607031217.jpg
2026-07-03 13:29:27 - [SpawnPoolWorker-8:MainThread] - INFO - vtracer_wrapper:14 - Initiating VTracer vectorization engine...
2026-07-03 13:29:27 - [SpawnPoolWorker-9:MainThread] - INFO - main:70 - ✅ Successfully completed: Digital_padlock_with_circuit_pat…_202607031217.jpg
2026-07-03 13:29:27 - [SpawnPoolWorker-9:MainThread] - INFO - main:40 - ▶️ Starting pipeline for: Electric_battery_with_leaf_icon_202607031217.jpg
2026-07-03 13:29:28 - [SpawnPoolWorker-9:MainThread] - INFO - vtracer_wrapper:14 - Initiating VTracer vectorization engine...
2026-07-03 13:29:28 - [SpawnPoolWorker-6:MainThread] - INFO - main:70 - ✅ Successfully completed: DNA_double_helix_molecular_nodes_202607031217.jpg
2026-07-03 13:29:28 - [SpawnPoolWorker-6:MainThread] - INFO - main:40 - ▶️ Starting pipeline for: Electric_semi-truck_sustainable_…_202607031217.jpg
2026-07-03 13:29:28 - [SpawnPoolWorker-6:MainThread] - INFO - vtracer_wrapper:14 - Initiating VTracer vectorization engine...
2026-07-03 13:29:28 - [SpawnPoolWorker-12:MainThread] - INFO - main:70 - ✅ Successfully completed: Digital_fingerprint_scan_cyberse…_202607031217.jpg
2026-07-03 13:29:28 - [SpawnPoolWorker-9:MainThread] - INFO - main:70 - ✅ Successfully completed: Electric_battery_with_leaf_icon_202607031217.jpg
2026-07-03 13:29:28 - [SpawnPoolWorker-12:MainThread] - INFO - main:40 - ▶️ Starting pipeline for: Electric_van_driving_digital_road_202607031217.jpg
2026-07-03 13:29:29 - [SpawnPoolWorker-9:MainThread] - INFO - main:40 - ▶️ Starting pipeline for: Electric_vehicle_battery_green_leaf_202607031217.jpg
2026-07-03 13:29:29 - [SpawnPoolWorker-12:MainThread] - INFO - vtracer_wrapper:14 - Initiating VTracer vectorization engine...
2026-07-03 13:29:29 - [SpawnPoolWorker-9:MainThread] - INFO - vtracer_wrapper:14 - Initiating VTracer vectorization engine...
2026-07-03 13:29:29 - [SpawnPoolWorker-8:MainThread] - INFO - main:70 - ✅ Successfully completed: Drone_battery_charging_indicator_202607031217.jpg
2026-07-03 13:29:29 - [SpawnPoolWorker-8:MainThread] - INFO - main:40 - ▶️ Starting pipeline for: Electric_vehicle_charging_station_202607031217.jpg
2026-07-03 13:29:29 - [SpawnPoolWorker-4:MainThread] - INFO - main:70 - ✅ Successfully completed: Digital_biometric_eye_scan_security_202607031217.jpg
2026-07-03 13:29:29 - [SpawnPoolWorker-8:MainThread] - INFO - vtracer_wrapper:14 - Initiating VTracer vectorization engine...
2026-07-03 13:29:29 - [SpawnPoolWorker-7:MainThread] - INFO - main:70 - ✅ Successfully completed: DNA_helix_dissolving_into_code_202607031217.jpg
2026-07-03 13:29:29 - [SpawnPoolWorker-4:MainThread] - INFO - main:40 - ▶️ Starting pipeline for: Electric_vehicle_charging_station_202607031217_2.jpg
2026-07-03 13:29:29 - [SpawnPoolWorker-7:MainThread] - INFO - main:40 - ▶️ Starting pipeline for: Electric_vehicle_charging_statio…_202607031217.jpg
2026-07-03 13:29:29 - [SpawnPoolWorker-6:MainThread] - INFO - main:70 - ✅ Successfully completed: Electric_semi-truck_sustainable_…_202607031217.jpg
2026-07-03 13:29:29 - [SpawnPoolWorker-6:MainThread] - INFO - main:40 - ▶️ Starting pipeline for: Fiber_optic_cable_icon_light_202607031218.jpg
2026-07-03 13:29:29 - [SpawnPoolWorker-4:MainThread] - INFO - vtracer_wrapper:14 - Initiating VTracer vectorization engine...
2026-07-03 13:29:29 - [SpawnPoolWorker-7:MainThread] - INFO - vtracer_wrapper:14 - Initiating VTracer vectorization engine...
2026-07-03 13:29:29 - [SpawnPoolWorker-5:MainThread] - INFO - main:70 - ✅ Successfully completed: Data_server_rack_glowing_lights_202607031217.jpg
2026-07-03 13:29:29 - [SpawnPoolWorker-6:MainThread] - INFO - vtracer_wrapper:14 - Initiating VTracer vectorization engine...
2026-07-03 13:29:29 - [SpawnPoolWorker-1:MainThread] - INFO - main:70 - ✅ Successfully completed: Data_storage_server_with_fans_202607031217.jpg
2026-07-03 13:29:29 - [SpawnPoolWorker-5:MainThread] - INFO - main:40 - ▶️ Starting pipeline for: Fiber_optic_network_connecting_n…_202607031217.jpg
2026-07-03 13:29:29 - [SpawnPoolWorker-1:MainThread] - INFO - main:40 - ▶️ Starting pipeline for: Forklift_with_recycle_symbol_202607031217.jpg
2026-07-03 13:29:29 - [SpawnPoolWorker-5:MainThread] - INFO - vtracer_wrapper:14 - Initiating VTracer vectorization engine...
2026-07-03 13:29:29 - [SpawnPoolWorker-1:MainThread] - INFO - vtracer_wrapper:14 - Initiating VTracer vectorization engine...
2026-07-03 13:29:29 - [SpawnPoolWorker-9:MainThread] - INFO - main:70 - ✅ Successfully completed: Electric_vehicle_battery_green_leaf_202607031217.jpg
2026-07-03 13:29:29 - [SpawnPoolWorker-9:MainThread] - INFO - main:40 - ▶️ Starting pipeline for: Four_interlocking_puzzle_pieces_202607031217.jpg
2026-07-03 13:29:30 - [SpawnPoolWorker-9:MainThread] - INFO - vtracer_wrapper:14 - Initiating VTracer vectorization engine...
2026-07-03 13:29:30 - [SpawnPoolWorker-11:MainThread] - INFO - main:70 - ✅ Successfully completed: DNA_double_helix_digital_circuit_202607031218.jpg
2026-07-03 13:29:30 - [SpawnPoolWorker-11:MainThread] - INFO - main:40 - ▶️ Starting pipeline for: Gantt_chart_for_project_management_202607031217.jpg
2026-07-03 13:29:30 - [SpawnPoolWorker-11:MainThread] - INFO - vtracer_wrapper:14 - Initiating VTracer vectorization engine...
2026-07-03 13:29:30 - [SpawnPoolWorker-2:MainThread] - INFO - main:70 - ✅ Successfully completed: Delivery_crane_in_container_port_202607031217.jpg
2026-07-03 13:29:30 - [SpawnPoolWorker-2:MainThread] - INFO - main:40 - ▶️ Starting pipeline for: Gear_system_with_data_bits_202607031218.jpg
2026-07-03 13:29:30 - [SpawnPoolWorker-2:MainThread] - INFO - vtracer_wrapper:14 - Initiating VTracer vectorization engine...
2026-07-03 13:29:30 - [SpawnPoolWorker-10:MainThread] - INFO - main:70 - ✅ Successfully completed: Digital_twin_concept_illustration_202607031217.jpg
2026-07-03 13:29:30 - [SpawnPoolWorker-10:MainThread] - INFO - main:40 - ▶️ Starting pipeline for: Gear_system_with_data_bits_202607031218_2.jpg
2026-07-03 13:29:30 - [SpawnPoolWorker-10:MainThread] - INFO - vtracer_wrapper:14 - Initiating VTracer vectorization engine...
2026-07-03 13:29:30 - [SpawnPoolWorker-7:MainThread] - INFO - main:70 - ✅ Successfully completed: Electric_vehicle_charging_statio…_202607031217.jpg
2026-07-03 13:29:30 - [SpawnPoolWorker-8:MainThread] - INFO - main:70 - ✅ Successfully completed: Electric_vehicle_charging_station_202607031217.jpg
2026-07-03 13:29:30 - [SpawnPoolWorker-7:MainThread] - INFO - main:40 - ▶️ Starting pipeline for: Geometric_chess_knight_business_…_202607031217.jpg
2026-07-03 13:29:30 - [SpawnPoolWorker-8:MainThread] - INFO - main:40 - ▶️ Starting pipeline for: Geometric_chess_knight_business_…_202607031218.jpg
2026-07-03 13:29:30 - [SpawnPoolWorker-6:MainThread] - INFO - main:70 - ✅ Successfully completed: Fiber_optic_cable_icon_light_202607031218.jpg
2026-07-03 13:29:30 - [SpawnPoolWorker-6:MainThread] - INFO - main:40 - ▶️ Starting pipeline for: Geometric_chess_knight_piece_202607031217.jpg
2026-07-03 13:29:30 - [SpawnPoolWorker-4:MainThread] - INFO - main:70 - ✅ Successfully completed: Electric_vehicle_charging_station_202607031217_2.jpg
2026-07-03 13:29:30 - [SpawnPoolWorker-8:MainThread] - INFO - vtracer_wrapper:14 - Initiating VTracer vectorization engine...
2026-07-03 13:29:30 - [SpawnPoolWorker-7:MainThread] - INFO - vtracer_wrapper:14 - Initiating VTracer vectorization engine...
2026-07-03 13:29:30 - [SpawnPoolWorker-6:MainThread] - INFO - vtracer_wrapper:14 - Initiating VTracer vectorization engine...
2026-07-03 13:29:30 - [SpawnPoolWorker-3:MainThread] - INFO - main:70 - ✅ Successfully completed: Digital_circuit_board_brain_silh…_202607031218.jpg
2026-07-03 13:29:30 - [SpawnPoolWorker-9:MainThread] - INFO - main:70 - ✅ Successfully completed: Four_interlocking_puzzle_pieces_202607031217.jpg
2026-07-03 13:29:30 - [SpawnPoolWorker-1:MainThread] - INFO - main:70 - ✅ Successfully completed: Forklift_with_recycle_symbol_202607031217.jpg
2026-07-03 13:29:31 - [SpawnPoolWorker-2:MainThread] - INFO - main:70 - ✅ Successfully completed: Gear_system_with_data_bits_202607031218.jpg
2026-07-03 13:29:31 - [SpawnPoolWorker-6:MainThread] - INFO - main:70 - ✅ Successfully completed: Geometric_chess_knight_piece_202607031217.jpg
2026-07-03 13:29:31 - [SpawnPoolWorker-12:MainThread] - INFO - main:70 - ✅ Successfully completed: Electric_van_driving_digital_road_202607031217.jpg
2026-07-03 13:29:31 - [SpawnPoolWorker-8:MainThread] - INFO - main:70 - ✅ Successfully completed: Geometric_chess_knight_business_…_202607031218.jpg
2026-07-03 13:29:31 - [SpawnPoolWorker-7:MainThread] - INFO - main:70 - ✅ Successfully completed: Geometric_chess_knight_business_…_202607031217.jpg
2026-07-03 13:29:32 - [SpawnPoolWorker-10:MainThread] - INFO - main:70 - ✅ Successfully completed: Gear_system_with_data_bits_202607031218_2.jpg
2026-07-03 13:29:33 - [SpawnPoolWorker-5:MainThread] - INFO - main:70 - ✅ Successfully completed: Fiber_optic_network_connecting_n…_202607031217.jpg
2026-07-03 13:29:33 - [SpawnPoolWorker-11:MainThread] - INFO - main:70 - ✅ Successfully completed: Gantt_chart_for_project_management_202607031217.jpg
2026-07-03 13:29:33 - [MainProcess:MainThread] - INFO - main:152 - 🏁 Vector Factory Session Complete!
2026-07-03 13:29:33 - [MainProcess:MainThread] - INFO - main:153 - 📊 Yield: 30/30 vectors generated successfully in 8.52 seconds.
